customerID,tenure,MonthlyCharges,SeniorCitizen,gender,Partner,Dependents,InternetService,Contract,PaperlessBilling,PaymentMethod,Churn,PhoneService,MultipleLines
a9048160,56,25.2182024797829,0,Female,Yes,Yes,No,Two year,Yes,Credit card (automatic),No,Yes,Yes
b718c065,0,58.11710313934839,0,Female,No,No,DSL,Month-to-month,Yes,Mailed check,Yes,Yes,No
892b3f9b,0,67.56439153128647,0,Female,No,No,DSL,One year,Yes,Electronic check,No,No,Yes
9e7e4836,11,19.114124292408018,1,Male,Yes,No,No,Month-to-month,No,Mailed check,Yes,No,No
c4cac00e,22,21.68220852541165,0,Female,No,No,No,One year,No,Credit card (automatic),No,Yes,Yes
0fcebe83,21,63.45145752223069,0,Female,No,No,Fiber optic,Month-to-month,Yes,Electronic check,No,No,No
58c04408,30,62.10340335339926,0,Male,Yes,Yes,DSL,One year,No,Electronic check,No,Yes,Yes
43f47687,6,81.85024809525389,0,Female,No,No,Fiber optic,Month-to-month,Yes,Electronic check,No,Yes,No
4c8262b8,0,64.8943521907161,1,Male,No,No,DSL,Month-to-month,No,Bank transfer (automatic),Yes,Yes,Yes
068d4947,28,77.6469069621898,0,Male,Yes,No,Fiber optic,Month-to-month,Yes,Bank transfer (automatic),Yes,No,Yes
fe639cda,59,99.0392787802895,0,Female,No,No,Fiber optic,One year,Yes,Electronic check,No,Yes,Yes
fd415597,0,70.3988554275417,0,Female,Yes,Yes,Fiber optic,Month-to-month,Yes,Electronic check,Yes,Yes,No
6021f5a9,2,26.734222193035514,0,Female,No,No,DSL,Month-to-month,No,Bank transfer (automatic),No,No,No
d8288c7d,22,51.13918495678724,0,Male,No,No,DSL,Month-to-month,No,Mailed check,No,No,Yes
24b64372,51,99.84888865231866,0,Male,No,No,Fiber optic,One year,No,Electronic check,No,Yes,No
87b4372a,26,22.007156189289148,0,Male,Yes,Yes,No,Two year,No,Mailed check,No,No,Yes
98b53735,67,103.81652543705503,1,Female,Yes,Yes,Fiber optic,One year,Yes,Bank transfer (automatic),No,Yes,Yes
afe20312,13,24.13648168878089,0,Male,No,No,DSL,Month-to-month,Yes,Bank transfer (automatic),No,No,No
34ca16a4,10,20.364145238345664,0,Female,Yes,Yes,No,Two year,No,Mailed check,No,No,Yes
a3a3df43,10,19.116448186883478,0,Male,No,No,No,One year,No,Mailed check,No,No,Yes
f17de848,12,80.01488763704398,0,Female,Yes,No,Fiber optic,Month-to-month,No,Bank transfer (automatic),No,No,Yes
cae7d79f,65,69.53383755728207,1,Male,No,No,DSL,Two year,Yes,Bank transfer (automatic),No,Yes,Yes
621e2d64,2,53.971298538050334,0,Female,No,No,DSL,Month-to-month,Yes,Electronic check,No,Yes,Yes
bc66d66f,8,89.759290532842,0,Male,No,No,Fiber optic,Month-to-month,Yes,Electronic check,Yes,Yes,Yes
61dce573,2,70.24267192740726,1,Female,Yes,No,Fiber optic,Month-to-month,Yes,Electronic check,Yes,No,No
a1dfe5f3,58,68.26897348835674,1,Female,No,No,DSL,Two year,No,Bank transfer (automatic),No,Yes,No
850625b7,45,18.877024928598733,0,Male,No,No,No,Two year,No,Mailed check,No,No,Yes
2188e9c5,48,85.31257815254519,0,Male,Yes,Yes,Fiber optic,Month-to-month,No,Electronic check,No,Yes,Yes
8ab438e7,21,19.771367664251486,0,Male,No,No,No,Month-to-month,No,Mailed check,No,Yes,No
88df9bd8,70,21.08562816224911,0,Female,No,No,No,Two year,No,Bank transfer (automatic),No,Yes,No
77bd1c49,32,80.39138666658457,0,Female,No,No,DSL,One year,No,Mailed check,No,No,No
7b2e22e6,65,54.58473989512913,0,Female,No,No,DSL,One year,No,Credit card (automatic),No,Yes,Yes
af2ccf0f,3,45.37482217331656,0,Female,No,No,DSL,Month-to-month,Yes,Credit card (automatic),No,No,Yes
6dc072a4,9,74.9748251279493,0,Female,No,Yes,DSL,Month-to-month,Yes,Credit card (automatic),No,Yes,Yes
291a4f21,53,113.14264077479666,0,Male,Yes,No,Fiber optic,Two year,Yes,Electronic check,No,No,Yes
ac43bc01,68,18.139079968358857,0,Female,Yes,Yes,No,Two year,No,Credit card (automatic),No,Yes,Yes
43e86bc2,40,23.321216321009587,0,Female,No,No,No,One year,Yes,Mailed check,No,Yes,Yes
6ecdaded,13,67.87738589806524,0,Female,Yes,No,DSL,Month-to-month,Yes,Credit card (automatic),No,No,No
f292d979,32,104.98497715689142,1,Female,Yes,No,Fiber optic,Month-to-month,Yes,Bank transfer (automatic),Yes,Yes,No
f7e4fd6b,8,20.307553732370533,0,Male,No,No,No,Month-to-month,No,Mailed check,No,Yes,Yes
4b4329d9,38,108.33290834601915,0,Male,Yes,No,Fiber optic,One year,Yes,Bank transfer (automatic),No,Yes,No
1915d1be,5,21.934361248093076,0,Female,No,No,No,Month-to-month,Yes,Mailed check,No,Yes,No
e7564878,58,97.82325855521353,1,Female,Yes,No,Fiber optic,One year,Yes,Credit card (automatic),Yes,Yes,Yes
0299b589,66,21.52855504546611,0,Male,No,Yes,No,Two year,No,Credit card (automatic),No,Yes,No
43560c7e,0,75.22603534283739,0,Male,No,No,Fiber optic,Month-to-month,Yes,Electronic check,Yes,No,Yes
6673d7e9,74,125.52938679232165,1,Male,Yes,No,Fiber optic,Two year,Yes,Mailed check,No,No,Yes
ebe53f03,58,32.9990643565001,0,Male,Yes,Yes,DSL,Month-to-month,No,Bank transfer (automatic),No,Yes,Yes
3a1fbd1a,12,21.974477960346512,0,Female,No,Yes,No,Month-to-month,No,Credit card (automatic),Yes,No,Yes
128edbc8,68,88.60393571470271,0,Male,Yes,No,Fiber optic,Month-to-month,Yes,Electronic check,No,Yes,Yes
9c6f0523,2,32.2938558462237,0,Male,No,No,DSL,Month-to-month,Yes,Electronic check,Yes,Yes,Yes
ee808d53,9,27.16229063159165,0,Female,Yes,Yes,No,Two year,No,Credit card (automatic),No,No,No
732df5e4,52,39.03974764934808,0,Male,Yes,Yes,DSL,Month-to-month,Yes,Electronic check,No,No,No
ac888f1d,11,92.8213393057018,0,Female,Yes,Yes,Fiber optic,Month-to-month,Yes,Electronic check,Yes,No,Yes
2f5ffca2,47,64.98568646573229,0,Male,Yes,No,DSL,One year,Yes,Credit card (automatic),No,No,Yes
d28e4121,33,20.686681883109365,0,Female,No,No,No,One year,No,Mailed check,No,Yes,Yes
e08c4762,10,52.70325289800491,0,Male,No,No,DSL,Month-to-month,Yes,Mailed check,No,Yes,No
1d1bd1f1,13,40.73410663806462,0,Female,No,No,DSL,Month-to-month,Yes,Electronic check,No,Yes,No
5b5dcad7,27,107.32533830581612,0,Female,No,No,Fiber optic,Month-to-month,Yes,Electronic check,Yes,No,No
b350e4f4,16,39.23759250116185,0,Female,No,No,DSL,One year,Yes,Mailed check,No,No,Yes
49b5fa0c,42,106.98513513587693,0,Female,Yes,Yes,Fiber optic,Month-to-month,Yes,Bank transfer (automatic),No,No,No
afca982c,55,69.65899469775566,0,Male,Yes,Yes,DSL,Two year,Yes,Credit card (automatic),No,No,No
7957956e,1,68.67483329045257,0,Female,Yes,No,Fiber optic,Month-to-month,Yes,Electronic check,Yes,No,Yes
795c9b3d,35,72.96096371927233,1,Female,No,No,Fiber optic,Month-to-month,Yes,Electronic check,Yes,No,Yes
cbb2fd5c,15,19.97062222073818,0,Female,Yes,Yes,No,Two year,No,Mailed check,No,No,Yes
76c64937,56,21.848659150113726,0,Female,Yes,Yes,No,Two year,No,Credit card (automatic),No,Yes,Yes
e622b2b7,66,83.1975377331223,1,Female,No,No,DSL,One year,No,Bank transfer (automatic),No,Yes,Yes
aa16b7de,64,91.41576545989493,0,Female,Yes,No,Fiber optic,One year,Yes,Electronic check,No,No,Yes
6da9a8b2,38,70.44030838970667,1,Male,Yes,Yes,DSL,Month-to-month,Yes,Electronic check,No,Yes,Yes
905cf45a,14,49.78268073667558,1,Female,Yes,No,DSL,Month-to-month,No,Electronic check,No,No,No
1b6cfc83,72,90.06140558133656,0,Male,Yes,No,Fiber optic,Two year,Yes,Bank transfer (automatic),No,Yes,No
27ef6eb6,24,18.701006611027378,0,Male,No,No,No,One year,No,Mailed check,No,No,No
586767fa,7,48.507179120869374,0,Female,Yes,Yes,DSL,Month-to-month,Yes,Electronic check,No,No,Yes
aef8b7c6,12,100.03262461592922,0,Female,No,No,Fiber optic,Month-to-month,Yes,Electronic check,Yes,Yes,No
ef6f179f,32,99.81183740420839,1,Female,No,No,Fiber optic,Month-to-month,Yes,Electronic check,No,Yes,Yes
a2d80392,5,77.93791543726495,0,Female,No,No,Fiber optic,Month-to-month,Yes,Electronic check,No,Yes,Yes
d176f47c,3,45.45611723070811,0,Female,Yes,Yes,DSL,Month-to-month,Yes,Electronic check,Yes,Yes,No
6e009e0b,8,21.658127829553735,0,Female,No,Yes,No,One year,No,Mailed check,No,Yes,Yes
5ad31847,9,96.42686944132764,1,Female,Yes,No,Fiber optic,Month-to-month,Yes,Electronic check,Yes,Yes,Yes
53de6a6a,0,57.59559846955667,0,Female,No,No,DSL,Month-to-month,No,Mailed check,No,Yes,No
08497890,12,21.388942104143837,0,Male,No,No,No,One year,No,Mailed check,No,Yes,Yes
e219727f,2,21.340037649385884,0,Female,No,No,No,Month-to-month,No,Mailed check,Yes,Yes,No
de89802b,6,66.50431321802114,0,Female,Yes,Yes,DSL,Month-to-month,Yes,Bank transfer (automatic),No,Yes,Yes
7f9d9bc8,3,52.75232878627854,0,Female,No,Yes,DSL,Month-to-month,No,Mailed check,No,No,Yes
18313b05,20,60.42137906589625,0,Male,No,No,DSL,Month-to-month,No,Credit card (automatic),No,Yes,Yes
eb144381,34,78.03867827157477,1,Female,Yes,No,Fiber optic,Month-to-month,Yes,Electronic check,No,No,No
b31c5fb2,25,93.80264519586882,0,Male,No,No,Fiber optic,Month-to-month,Yes,Electronic check,Yes,Yes,No
1bcf21c3,0,72.68360794526548,0,Male,Yes,Yes,Fiber optic,Month-to-month,Yes,Electronic check,Yes,No,Yes
a47448cd,10,31.322408232437464,0,Female,Yes,Yes,DSL,Month-to-month,No,Mailed check,Yes,Yes,No
e99eb4b9,32,66.23237239255342,0,Female,No,No,DSL,Month-to-month,Yes,Electronic check,No,Yes,Yes
f1fb0141,9,44.317163702506164,0,Female,No,No,DSL,Month-to-month,Yes,Electronic check,No,No,Yes
53af7c29,53,88.28034660689242,0,Male,Yes,No,DSL,Two year,Yes,Credit card (automatic),No,No,No
48fd6b49,72,75.09546631215227,0,Male,Yes,No,DSL,Two year,No,Credit card (automatic),No,No,No
d2de1238,0,24.339867885646747,0,Female,No,No,No,Month-to-month,No,Mailed check,No,No,No
d920ab8d,36,64.57101629713326,0,Male,Yes,Yes,DSL,One year,Yes,Mailed check,No,Yes,No
12423364,31,20.168720253108287,0,Female,Yes,Yes,No,Two year,No,Mailed check,No,Yes,Yes
78ff36ab,50,32.32077835455337,0,Male,No,No,DSL,One year,Yes,Mailed check,No,No,No
039ab8c1,26,78.3154092382061,0,Male,Yes,Yes,DSL,Month-to-month,No,Bank transfer (automatic),No,Yes,Yes
6a7b3ffd,53,26.518919767129933,0,Male,Yes,Yes,No,Two year,No,Mailed check,No,No,No
ee8fc982,2,66.84570670909308,1,Female,No,No,Fiber optic,Month-to-month,No,Electronic check,No,Yes,Yes
278652f0,50,32.36011069116025,1,Female,Yes,Yes,DSL,One year,No,Bank transfer (automatic),No,Yes,No
afba73e0,68,81.95264131317299,0,Male,Yes,Yes,DSL,Two year,Yes,Mailed check,No,Yes,Yes
2a8c5ffb,42,20.50138164932526,0,Female,No,No,No,Two year,Yes,Bank transfer (automatic),No,Yes,Yes
5eb13fbf,66,89.5063693825665,0,Male,Yes,Yes,Fiber optic,Month-to-month,Yes,Bank transfer (automatic),No,Yes,No
bf582076,41,22.53859065145395,0,Male,No,No,No,Two year,Yes,Mailed check,No,Yes,Yes
71bcc358,4,21.958678748973753,0,Female,No,No,No,Month-to-month,Yes,Mailed check,No,No,No
65d2a065,38,97.3034403900257,0,Male,No,No,Fiber optic,One year,Yes,Credit card (automatic),No,Yes,Yes
069a575c,69,71.78941484496607,0,Male,No,No,DSL,One year,No,Credit card (automatic),No,Yes,No
a77f86dc,3,51.02363971914549,0,Female,No,Yes,DSL,Month-to-month,No,Electronic check,No,No,No
1b0c428f,31,96.56875819833321,1,Male,Yes,No,Fiber optic,Month-to-month,Yes,Bank transfer (automatic),No,No,No
52e0977f,22,69.20962152234075,0,Female,Yes,Yes,DSL,One year,Yes,Mailed check,No,No,Yes
993829ef,52,100.02356735627578,1,Female,No,No,Fiber optic,One year,No,Bank transfer (automatic),No,No,No
6000b262,30,91.46758117816802,0,Female,Yes,Yes,Fiber optic,Month-to-month,No,Credit card (automatic),Yes,Yes,No
5ad6ee20,62,78.10862051950734,1,Female,Yes,Yes,DSL,One year,Yes,Credit card (automatic),No,Yes,Yes
6a2460ab,58,99.47693929466836,1,Female,Yes,No,Fiber optic,One year,Yes,Credit card (automatic),Yes,No,No
6630f4d9,66,83.09842797152184,1,Male,Yes,No,Fiber optic,Month-to-month,No,Bank transfer (automatic),No,Yes,Yes
2b86b2c9,34,82.32396673295854,1,Male,No,No,Fiber optic,Month-to-month,Yes,Credit card (automatic),No,No,Yes
b412a0ba,45,19.997225968557945,0,Male,Yes,No,No,One year,No,Bank transfer (automatic),No,No,No
0d9212d0,8,79.16148218485844,0,Female,No,No,Fiber optic,Month-to-month,Yes,Electronic check,Yes,Yes,No
2da9398d,53,103.42263615439971,0,Female,Yes,No,Fiber optic,One year,Yes,Credit card (automatic),No,No,No
112abb86,48,58.16170080423802,0,Female,No,No,DSL,One year,No,Credit card (automatic),No,Yes,Yes
490c0ca9,36,19.83331342311042,0,Female,Yes,Yes,No,Month-to-month,No,Mailed check,No,Yes,Yes
85e8a345,2,63.23515920434688,1,Female,Yes,No,Fiber optic,Month-to-month,No,Electronic check,No,No,No
02a11eca,69,84.0482440160202,0,Male,Yes,No,Fiber optic,One year,Yes,Credit card (automatic),Yes,Yes,No
f2a2f392,67,105.63890553513806,0,Male,No,No,Fiber optic,Two year,Yes,Credit card (automatic),No,Yes,No
5af99a9b,34,100.51478495378095,0,Female,No,No,Fiber optic,Month-to-month,Yes,Mailed check,Yes,Yes,Yes
b78f7714,50,50.18178568993986,1,Male,Yes,No,DSL,Two year,No,Mailed check,No,Yes,No
c0609325,34,79.91676501050954,0,Male,Yes,Yes,DSL,One year,No,Credit card (automatic),No,Yes,Yes
d189f1d9,31,88.56909871253943,1,Male,Yes,No,Fiber optic,Month-to-month,Yes,Electronic check,Yes,Yes,Yes
80009e89,2,18.704905466045982,0,Male,No,No,No,Month-to-month,No,Mailed check,Yes,No,No
05497b4e,8,79.8587020410395,0,Male,Yes,Yes,Fiber optic,Month-to-month,Yes,Electronic check,Yes,Yes,Yes
0fade8b1,54,90.65667128139665,1,Male,No,No,Fiber optic,One year,Yes,Bank transfer (automatic),No,Yes,No
a43db2ed,2,17.949374981309308,0,Male,No,No,No,Month-to-month,No,Mailed check,No,No,No
54d9c24b,7,57.7825291789692,0,Male,No,No,DSL,Month-to-month,No,Electronic check,No,No,No
a402daca,71,55.06009955414317,0,Male,Yes,Yes,DSL,Two year,Yes,Bank transfer (automatic),No,No,Yes
d2e906b2,63,105.28855765714299,1,Female,Yes,No,Fiber optic,One year,Yes,Credit card (automatic),No,No,No
f553eb53,34,90.62839604159912,0,Female,No,No,Fiber optic,Month-to-month,Yes,Electronic check,No,No,No
64de6028,47,88.9420603117369,0,Male,Yes,No,Fiber optic,Two year,Yes,Bank transfer (automatic),No,Yes,Yes
efb9d0a0,28,20.84314096623715,0,Female,Yes,Yes,No,Two year,No,Mailed check,No,No,Yes
73b1b9bc,18,19.89713907207763,0,Female,No,No,No,One year,No,Mailed check,No,No,Yes
e36b5b4c,8,65.05118760064428,0,Male,No,No,DSL,One year,Yes,Mailed check,Yes,Yes,No
6d59c504,45,51.128530262594744,0,Female,Yes,Yes,DSL,Month-to-month,No,Mailed check,No,Yes,No
787431c3,67,82.4461123237728,1,Female,No,No,DSL,Two year,Yes,Bank transfer (automatic),No,Yes,No
5b1e480e,27,105.89494759386933,1,Male,Yes,No,Fiber optic,Month-to-month,Yes,Electronic check,No,Yes,No
52f6e2e6,64,100.28746717513363,0,Female,No,No,Fiber optic,One year,Yes,Bank transfer (automatic),No,No,No
cb204f08,24,37.07630340082639,0,Male,No,No,DSL,Month-to-month,No,Electronic check,No,Yes,Yes
3c0d5990,44,26.224016634614863,0,Male,No,No,No,Month-to-month,Yes,Bank transfer (automatic),No,No,No
0262d4fb,70,40.696946293855106,0,Male,Yes,Yes,DSL,Two year,No,Mailed check,No,Yes,No
686f0970,31,23.245215394661706,0,Female,Yes,No,No,Month-to-month,No,Electronic check,No,Yes,No
fa388070,58,73.33275785996744,0,Male,Yes,Yes,DSL,Two year,No,Bank transfer (automatic),No,Yes,Yes
2a5801e5,55,60.031476989967295,0,Male,Yes,Yes,DSL,Two year,Yes,Credit card (automatic),No,Yes,No
df109464,48,100.34885173766948,0,Male,No,No,Fiber optic,One year,Yes,Electronic check,No,No,No
4518f020,3,34.98811058091248,0,Female,No,No,DSL,Month-to-month,No,Mailed check,Yes,No,Yes
aebada80,14,26.60157184771453,0,Male,No,Yes,No,Month-to-month,Yes,Electronic check,No,No,Yes
4717dc8e,43,95.51533260732734,0,Female,Yes,No,Fiber optic,Month-to-month,Yes,Electronic check,No,Yes,Yes
5895b196,2,20.59164919502748,0,Female,No,No,No,Month-to-month,No,Mailed check,No,Yes,No
cc7fd794,21,78.10714752127727,0,Male,No,No,Fiber optic,Month-to-month,Yes,Electronic check,Yes,No,No
f6326e20,15,53.58131567151603,1,Male,Yes,No,DSL,Month-to-month,Yes,Credit card (automatic),No,No,No
576a94f2,69,87.30187224868607,1,Female,Yes,No,Fiber optic,Two year,No,Credit card (automatic),No,Yes,No
f4ee030d,17,101.19785938396643,1,Female,No,No,Fiber optic,Month-to-month,Yes,Electronic check,Yes,Yes,Yes
10101319,3,73.7637846565636,0,Male,No,No,Fiber optic,Month-to-month,No,Credit card (automatic),Yes,Yes,Yes
ba33656b,69,91.86804193401792,0,Male,Yes,No,DSL,Two year,Yes,Bank transfer (automatic),No,Yes,No
669bcabe,30,82.4169862717435,0,Female,No,No,Fiber optic,Month-to-month,Yes,Electronic check,No,Yes,No
18d78490,56,77.06731266477622,0,Female,Yes,No,Fiber optic,One year,Yes,Credit card (automatic),No,Yes,No
ce226ab8,5,25.887754450605534,0,Male,No,No,DSL,Month-to-month,Yes,Electronic check,Yes,Yes,No
6c0e4833,21,18.04614546311956,0,Male,No,No,No,Month-to-month,No,Mailed check,No,No,Yes
fbb577d9,11,74.10866824869075,0,Female,No,Yes,DSL,Month-to-month,Yes,Mailed check,Yes,No,Yes
515bec5a,57,23.701612605708075,0,Female,No,No,No,Two year,No,Credit card (automatic),No,No,Yes
01c0eef1,21,53.24428873937183,1,Male,No,No,DSL,Month-to-month,Yes,Credit card (automatic),No,Yes,No
efac179c,22,81.18819445145672,0,Male,No,No,Fiber optic,Month-to-month,Yes,Credit card (automatic),No,Yes,No
54889262,44,74.9303206465021,1,Male,Yes,No,Fiber optic,Month-to-month,Yes,Electronic check,Yes,No,No
5f434df5,30,20.516511873554098,0,Male,No,No,No,One year,No,Mailed check,No,Yes,No
86d134b3,0,18.67328280042191,0,Female,No,No,No,Month-to-month,No,Credit card (automatic),No,Yes,Yes
6a1d6df4,70,82.06739390919023,0,Female,No,No,DSL,Two year,No,Bank transfer (automatic),No,Yes,Yes
e1fbca00,50,80.95824794531084,0,Female,Yes,Yes,Fiber optic,Month-to-month,Yes,Bank transfer (automatic),No,Yes,No
810bb092,2,45.69300909337354,0,Male,No,Yes,DSL,Month-to-month,Yes,Electronic check,No,No,No
adabb049,45,69.13237876486254,0,Female,No,No,DSL,Two year,No,Mailed check,No,No,No
631f9f5a,35,67.40594737481945,0,Female,Yes,No,DSL,Month-to-month,No,Electronic check,Yes,Yes,No
4dcd91a6,75,18.965971509202333,0,Male,Yes,Yes,No,Two year,No,Bank transfer (automatic),No,No,Yes
fbf3590c,70,93.71271641264916,0,Female,Yes,No,Fiber optic,Two year,Yes,Bank transfer (automatic),No,No,Yes
d1027957,13,88.3109570954574,0,Female,No,No,Fiber optic,Month-to-month,Yes,Electronic check,Yes,Yes,Yes
dcc7753e,52,19.899662664448165,0,Female,No,No,No,One year,No,Mailed check,No,Yes,Yes
e52e0a62,24,59.99491532954537,0,Male,No,No,DSL,Month-to-month,No,Electronic check,No,Yes,Yes
a8a05b8b,12,20.352685000065602,0,Male,No,No,No,One year,Yes,Mailed check,No,Yes,No
0596b7c2,0,18.268240677330347,0,Female,No,No,No,Month-to-month,No,Credit card (automatic),No,Yes,No
5cef8d47,63,104.50405613512565,0,Male,Yes,Yes,Fiber optic,One year,Yes,Bank transfer (automatic),No,No,Yes
98016eb9,18,83.9497111704315,0,Female,No,No,Fiber optic,Month-to-month,No,Electronic check,Yes,Yes,Yes
cc762669,3,21.122083283468868,0,Female,No,No,No,Month-to-month,No,Mailed check,No,No,No
a9473713,6,21.130460221278295,0,Female,Yes,Yes,No,Two year,No,Mailed check,No,Yes,Yes
abbb7956,39,90.8595027947996,0,Male,Yes,No,Fiber optic,Month-to-month,Yes,Electronic check,No,No,Yes
727d8e52,66,96.37537079518476,0,Female,No,No,Fiber optic,One year,Yes,Bank transfer (automatic),No,Yes,Yes
b1b3279d,72,92.11681526183972,1,Male,Yes,No,Fiber optic,Month-to-month,Yes,Electronic check,Yes,No,No
1b263183,53,87.62217642779135,0,Female,Yes,Yes,Fiber optic,Month-to-month,Yes,Electronic check,No,Yes,Yes
16178228,25,105.43595848000457,0,Male,No,No,Fiber optic,Month-to-month,Yes,Electronic check,Yes,No,No
247fdcb4,14,46.35897721175349,0,Female,No,No,DSL,Month-to-month,No,Credit card (automatic),Yes,No,Yes
d7e10f42,37,66.18430378779328,0,Male,Yes,Yes,DSL,One year,Yes,Credit card (automatic),No,Yes,No
4c183671,63,115.62579281373007,1,Female,No,No,Fiber optic,One year,Yes,Electronic check,Yes,No,Yes
137736aa,0,41.828168055078855,0,Male,No,No,DSL,Month-to-month,No,Mailed check,No,Yes,No
688ac165,44,87.76981002000988,0,Female,Yes,No,Fiber optic,Month-to-month,No,Electronic check,No,No,Yes
f4e29f77,35,62.58909554570014,0,Male,No,Yes,DSL,Two year,No,Credit card (automatic),No,Yes,No
985cf187,22,97.50031816586822,1,Male,No,No,Fiber optic,Month-to-month,No,Mailed check,Yes,No,Yes
d8669a4c,35,99.6018186480192,0,Male,No,No,Fiber optic,Month-to-month,Yes,Credit card (automatic),Yes,No,Yes
ef58b773,11,18.963117995762094,0,Male,No,Yes,No,One year,Yes,Bank transfer (automatic),No,Yes,No
9f29bd52,23,104.0868315701885,0,Female,No,No,Fiber optic,Month-to-month,Yes,Credit card (automatic),No,Yes,No
03af2c69,39,60.15648976395357,0,Female,No,No,DSL,One year,No,Electronic check,No,No,Yes
314f4896,0,31.75610329549755,0,Female,Yes,Yes,DSL,Month-to-month,No,Credit card (automatic),Yes,No,Yes
06121936,66,92.76285087681647,0,Female,Yes,No,Fiber optic,Two year,Yes,Bank transfer (automatic),No,No,No
005e40ec,36,105.38023972430516,0,Female,Yes,Yes,Fiber optic,Month-to-month,Yes,Credit card (automatic),No,No,Yes
62be8e90,11,49.23644409815302,0,Male,No,No,DSL,Month-to-month,Yes,Credit card (automatic),No,Yes,Yes
58efdec2,72,104.35481550138368,0,Female,Yes,No,Fiber optic,Two year,Yes,Credit card (automatic),No,Yes,No
1bd86bad,21,63.785964238762595,1,Female,Yes,No,DSL,Month-to-month,Yes,Mailed check,No,No,Yes
cd389baf,18,46.922920683458635,0,Female,No,No,DSL,Month-to-month,Yes,Electronic check,Yes,No,No
26f0b6c9,27,84.7503299645903,0,Female,Yes,Yes,Fiber optic,Month-to-month,Yes,Electronic check,Yes,Yes,No
c26bd930,68,101.59041400471183,0,Male,Yes,Yes,Fiber optic,Two year,No,Bank transfer (automatic),No,No,No
744c0968,19,86.9490525102415,0,Female,No,No,Fiber optic,Month-to-month,Yes,Bank transfer (automatic),No,No,Yes
a3e88c6e,2,65.90842540300916,1,Female,No,No,Fiber optic,Month-to-month,Yes,Electronic check,Yes,Yes,No
eb083e91,32,85.83576111950991,1,Male,Yes,No,Fiber optic,Month-to-month,Yes,Credit card (automatic),Yes,Yes,No
a7865fe7,17,89.4108658877029,1,Male,No,No,Fiber optic,Month-to-month,No,Credit card (automatic),Yes,No,No
981f4fca,66,94.87324688577083,0,Male,Yes,Yes,Fiber optic,Two year,Yes,Electronic check,No,Yes,No
9c59aab0,61,20.509389316906056,0,Male,Yes,Yes,No,Two year,No,Credit card (automatic),No,No,No
f9bcfa73,12,57.073641886851824,0,Female,No,No,DSL,One year,No,Bank transfer (automatic),No,No,No
85dd861e,51,89.81697633907986,0,Male,Yes,No,Fiber optic,Month-to-month,Yes,Bank transfer (automatic),No,Yes,Yes
5e4b50d0,55,98.02953784881339,0,Female,No,No,Fiber optic,Month-to-month,Yes,Bank transfer (automatic),No,No,No
92cd84f5,70,97.84760272551894,0,Male,No,No,Fiber optic,Two year,Yes,Electronic check,No,No,Yes
d91755e7,72,96.62440399744322,0,Female,Yes,No,DSL,Two year,No,Bank transfer (automatic),No,Yes,No
a4a863b8,0,64.38081582363027,0,Female,No,No,Fiber optic,Month-to-month,Yes,Electronic check,Yes,Yes,No
94ff83d5,31,98.16460164983098,0,Female,Yes,Yes,Fiber optic,One year,Yes,Electronic check,Yes,Yes,No
d928cda3,2,26.728536215616355,0,Female,Yes,No,DSL,Month-to-month,Yes,Electronic check,Yes,Yes,Yes
9cf0dcef,42,20.24674879578894,0,Male,Yes,Yes,No,One year,No,Bank transfer (automatic),No,Yes,No
96581556,9,83.63835151110992,0,Female,No,No,Fiber optic,Month-to-month,Yes,Bank transfer (automatic),No,Yes,No
5bf6fee3,20,60.587250298742376,0,Male,No,No,DSL,Month-to-month,Yes,Credit card (automatic),No,Yes,Yes
76d0eb98,0,47.352552740051394,0,Female,No,No,DSL,Month-to-month,Yes,Bank transfer (automatic),Yes,No,Yes
80f8129c,38,113.4203530669649,0,Male,No,No,Fiber optic,Month-to-month,Yes,Electronic check,Yes,No,Yes
3f2f46af,66,61.201999192455645,0,Male,Yes,No,DSL,Two year,Yes,Bank transfer (automatic),No,No,No
faefd8a3,62,106.91211136628638,0,Male,Yes,No,Fiber optic,Month-to-month,No,Bank transfer (automatic),No,No,No
ad092f23,49,95.2245881133029,0,Female,Yes,No,Fiber optic,Month-to-month,No,Bank transfer (automatic),No,No,No
19645501,54,70.24749835698356,0,Female,No,No,DSL,Two year,Yes,Credit card (automatic),No,No,Yes
81ff5240,5,99.08492089612152,0,Female,No,No,Fiber optic,Month-to-month,Yes,Electronic check,Yes,Yes,No
26505f07,64,102.38060716652625,0,Male,Yes,No,Fiber optic,Month-to-month,Yes,Credit card (automatic),Yes,No,Yes
3e8e13d9,16,83.41524956806931,0,Male,No,No,Fiber optic,Month-to-month,Yes,Electronic check,Yes,Yes,No
638463f2,44,97.96546621982525,1,Male,Yes,No,Fiber optic,Month-to-month,Yes,Electronic check,Yes,Yes,No
d1cdbeeb,5,111.51599588305716,0,Male,No,No,Fiber optic,Month-to-month,No,Mailed check,Yes,Yes,No
8b878f21,19,74.51690228159717,0,Female,Yes,Yes,DSL,Two year,No,Bank transfer (automatic),No,No,Yes
7e80bd18,53,18.949147851074564,0,Male,No,Yes,No,One year,No,Credit card (automatic),No,Yes,Yes
94f2a0e1,19,21.380093545245064,0,Male,No,No,No,Two year,No,Mailed check,No,Yes,Yes
80c88cd7,30,78.2620249447084,0,Male,Yes,No,DSL,One year,No,Mailed check,No,No,Yes
2c96a6d4,25,35.553421666376835,0,Female,Yes,No,DSL,Month-to-month,Yes,Bank transfer (automatic),Yes,No,No
888d8da3,71,97.22972590985566,0,Male,Yes,Yes,Fiber optic,Two year,Yes,Credit card (automatic),No,No,Yes
52d8c872,70,44.51492399599939,0,Female,No,No,DSL,Month-to-month,No,Electronic check,No,No,No
11790c79,10,20.018233887893373,0,Male,Yes,No,No,One year,No,Bank transfer (automatic),No,Yes,No
77f9e42d,2,40.63741012180259,0,Male,No,Yes,DSL,Month-to-month,No,Electronic check,No,No,Yes
dd2ea14b,7,80.82846923826949,0,Female,No,No,Fiber optic,Month-to-month,Yes,Bank transfer (automatic),Yes,No,Yes
0c8d3c4e,2,58.39698752188101,0,Male,No,No,DSL,Month-to-month,Yes,Electronic check,Yes,Yes,Yes
7940d28e,46,71.35646120207842,0,Female,No,No,DSL,Two year,Yes,Bank transfer (automatic),No,Yes,No
b5ec0128,51,74.316419801127,0,Male,No,No,DSL,Two year,Yes,Credit card (automatic),No,No,Yes
ea82954e,74,111.13784691400637,0,Male,Yes,Yes,Fiber optic,Two year,No,Bank transfer (automatic),No,No,No
e8bec547,5,52.83822745822977,0,Male,No,No,DSL,Month-to-month,Yes,Mailed check,No,No,No
321f0033,5,89.32275785470438,1,Female,No,No,Fiber optic,Month-to-month,Yes,Credit card (automatic),Yes,No,Yes
112271de,69,75.39972572057216,1,Male,Yes,No,DSL,Two year,No,Bank transfer (automatic),No,Yes,Yes
62fd475e,29,92.86613148042981,0,Female,Yes,No,DSL,One year,Yes,Credit card (automatic),No,Yes,Yes
12108a94,46,26.764295382561535,0,Female,Yes,Yes,No,One year,No,Mailed check,No,No,Yes
ad4ff794,7,19.219782827036582,0,Male,Yes,Yes,No,Month-to-month,Yes,Credit card (automatic),No,Yes,Yes
0b465626,38,21.69071357286136,0,Female,No,Yes,No,One year,Yes,Credit card (automatic),No,Yes,Yes
4646e954,65,98.16329492461617,0,Male,Yes,No,Fiber optic,Month-to-month,Yes,Credit card (automatic),Yes,Yes,Yes
e8d59cbd,5,19.296735871712677,0,Male,No,Yes,No,Month-to-month,No,Mailed check,No,Yes,No
abd977d3,1,74.93829144889663,0,Female,Yes,Yes,Fiber optic,Month-to-month,No,Electronic check,Yes,Yes,No
95952847,9,40.2530417511863,0,Male,No,No,DSL,One year,Yes,Electronic check,Yes,Yes,No
4043f1da,20,68.34644487805966,0,Female,Yes,Yes,DSL,One year,Yes,Mailed check,No,Yes,Yes
c2424028,1,71.19852853166051,0,Female,Yes,No,Fiber optic,Month-to-month,Yes,Credit card (automatic),Yes,No,Yes
6ced48a3,69,98.73314306010005,0,Male,Yes,Yes,DSL,Two year,Yes,Mailed check,No,Yes,Yes
f0cb67c5,15,43.582446475251274,0,Male,Yes,No,DSL,One year,No,Electronic check,No,Yes,Yes
6478accf,0,29.56922604741243,0,Female,Yes,Yes,DSL,Month-to-month,No,Bank transfer (automatic),Yes,Yes,Yes
b28e3fcb,35,92.83526179979853,0,Female,No,No,Fiber optic,Month-to-month,Yes,Electronic check,Yes,No,No
d8546397,29,79.02374856304074,1,Male,Yes,No,Fiber optic,Month-to-month,Yes,Mailed check,Yes,Yes,Yes
edc60860,71,74.65892590801312,0,Female,Yes,Yes,DSL,Two year,No,Mailed check,No,Yes,Yes
e725c659,6,96.68550292240727,1,Female,No,No,Fiber optic,Month-to-month,Yes,Credit card (automatic),Yes,No,No
59fb73be,2,18.06798439506762,0,Male,No,No,No,Month-to-month,No,Mailed check,No,Yes,Yes
86316a60,33,90.63760251609143,0,Male,No,No,Fiber optic,Month-to-month,Yes,Credit card (automatic),No,No,No
b3614533,4,45.21025062478916,0,Male,No,No,DSL,Month-to-month,No,Mailed check,No,Yes,No
545c6978,50,57.73420049031675,0,Male,Yes,Yes,DSL,Month-to-month,No,Electronic check,No,No,No
3026886d,4,97.379310783259,1,Male,No,No,Fiber optic,Month-to-month,Yes,Electronic check,Yes,Yes,No
e6c3817e,69,47.543769433901275,1,Female,Yes,No,DSL,One year,No,Bank transfer (automatic),No,No,No
09be46ea,20,57.07096666702121,0,Male,Yes,Yes,DSL,Month-to-month,No,Electronic check,Yes,No,Yes
315ebe8c,2,41.80070679523424,0,Male,No,No,DSL,Month-to-month,Yes,Electronic check,Yes,Yes,Yes
a2804a4d,61,87.6286394022726,1,Female,Yes,No,Fiber optic,Month-to-month,No,Electronic check,No,Yes,Yes
efc456b4,2,20.13462766527608,0,Male,No,Yes,No,Month-to-month,No,Mailed check,No,Yes,Yes
387c6d52,73,23.17295021971006,0,Female,Yes,Yes,No,Two year,No,Mailed check,No,No,Yes
847d75f6,62,62.49224421520865,0,Female,No,No,DSL,Two year,Yes,Mailed check,No,Yes,No
fb04def7,8,24.227238913701427,0,Female,Yes,Yes,No,Two year,No,Credit card (automatic),No,Yes,Yes
0ea402c4,17,70.27748741755225,1,Male,No,No,Fiber optic,Month-to-month,No,Electronic check,No,No,No
5b4a6137,0,82.21688301013808,0,Female,No,No,Fiber optic,Month-to-month,Yes,Electronic check,Yes,Yes,Yes
e305a65a,16,59.55588407345548,1,Female,No,No,DSL,Month-to-month,No,Electronic check,Yes,Yes,No
f2d21268,21,18.04041287977452,0,Female,No,No,No,Month-to-month,Yes,Credit card (automatic),No,Yes,Yes
d1074b83,71,99.9314136265234,1,Male,Yes,No,Fiber optic,Month-to-month,Yes,Electronic check,Yes,Yes,No
78ecbc1a,72,75.07859553505766,0,Male,Yes,Yes,DSL,Two year,Yes,Bank transfer (automatic),No,Yes,Yes
2460eca6,42,19.13274874386365,0,Female,No,No,No,Two year,No,Credit card (automatic),No,No,No
c7917c65,69,107.57728274527753,0,Male,Yes,No,Fiber optic,Two year,Yes,Credit card (automatic),No,No,No
4f704db4,13,40.764649737537745,0,Male,Yes,Yes,DSL,Two year,No,Mailed check,No,Yes,No
1df78da2,29,98.96719088368752,0,Male,No,No,Fiber optic,Two year,No,Bank transfer (automatic),No,Yes,Yes
c0be28b6,51,20.961075228421322,0,Male,Yes,Yes,No,One year,Yes,Credit card (automatic),No,Yes,No
a3417f81,72,96.50473027550588,1,Female,Yes,No,Fiber optic,Month-to-month,Yes,Electronic check,No,Yes,No
090a7a5b,14,87.83275986823382,1,Female,No,No,Fiber optic,Month-to-month,No,Credit card (automatic),No,No,No
561d5880,30,85.87770506268062,1,Male,Yes,No,Fiber optic,Month-to-month,Yes,Electronic check,No,No,Yes
f477be34,40,53.471671716992695,0,Female,Yes,No,DSL,Month-to-month,No,Electronic check,Yes,Yes,Yes
9734ce5e,53,17.757493566678473,0,Female,Yes,Yes,No,One year,No,Credit card (automatic),No,Yes,No
5148448d,5,55.178569578231944,0,Female,No,No,DSL,Month-to-month,Yes,Electronic check,No,No,Yes
c18f233e,56,58.40092096997228,0,Male,No,No,DSL,One year,Yes,Electronic check,No,Yes,Yes
17cdd25a,17,96.4815466451691,1,Male,No,No,Fiber optic,Month-to-month,Yes,Credit card (automatic),Yes,No,Yes
4da573da,35,83.44592931778618,0,Female,No,No,Fiber optic,One year,No,Electronic check,No,Yes,Yes
c9e6c205,0,48.94341267392739,0,Male,No,No,DSL,Month-to-month,Yes,Mailed check,No,Yes,Yes
be29b4a5,4,98.87577492818325,0,Female,No,No,Fiber optic,Month-to-month,Yes,Electronic check,No,Yes,Yes
477fbb21,66,109.03020407106565,0,Female,No,Yes,Fiber optic,Two year,Yes,Electronic check,No,Yes,No
fc9812de,23,43.25143277803172,0,Female,Yes,No,DSL,One year,No,Bank transfer (automatic),No,Yes,No
7a1d4ccf,37,20.78454203096915,0,Male,Yes,Yes,No,Two year,No,Credit card (automatic),No,No,No
ec825faf,3,71.71911163596938,0,Female,Yes,Yes,Fiber optic,Month-to-month,No,Electronic check,Yes,No,Yes
e00a5048,17,55.30613942316077,0,Female,Yes,Yes,DSL,Month-to-month,Yes,Credit card (automatic),No,Yes,No
0fd65e50,31,77.2737217841263,0,Male,Yes,Yes,Fiber optic,Month-to-month,No,Electronic check,Yes,Yes,Yes
a756d790,13,68.38649808619405,0,Male,Yes,No,Fiber optic,Month-to-month,Yes,Bank transfer (automatic),No,No,No
f9b68588,73,111.54779864436169,1,Female,No,No,Fiber optic,Two year,Yes,Bank transfer (automatic),No,No,Yes
bc555f9d,51,26.343354769210592,0,Male,Yes,Yes,No,Two year,No,Mailed check,No,Yes,No
b43b3f1b,3,81.25671159756939,0,Female,Yes,Yes,Fiber optic,Month-to-month,Yes,Electronic check,No,Yes,Yes
ec9221b2,27,25.189860321511574,0,Female,No,No,No,Two year,No,Credit card (automatic),No,No,No
7ba51d26,71,113.27618415306395,0,Female,No,No,Fiber optic,Two year,Yes,Credit card (automatic),No,No,Yes
a81d390b,0,65.42462168700797,0,Female,No,No,Fiber optic,Month-to-month,Yes,Mailed check,Yes,No,No
1f2fc4dc,22,92.13240616248363,0,Male,Yes,No,Fiber optic,Month-to-month,Yes,Electronic check,Yes,No,No
8751f9fc,57,48.173195575561294,0,Female,No,No,DSL,Month-to-month,Yes,Credit card (automatic),No,No,No
1dfce291,73,82.90757918789566,0,Female,Yes,Yes,DSL,Two year,No,Credit card (automatic),No,Yes,No
8a08dc73,3,25.20967730545172,1,Male,No,No,DSL,Month-to-month,Yes,Bank transfer (automatic),Yes,Yes,Yes
7af03ee5,34,55.58303333696503,0,Female,Yes,No,DSL,One year,Yes,Mailed check,No,Yes,No
7263b680,45,22.227705257286335,0,Male,No,No,No,Two year,No,Bank transfer (automatic),No,No,No
9724ee15,71,95.71889392801174,0,Female,Yes,No,Fiber optic,Two year,Yes,Credit card (automatic),No,No,No
0b9cf700,69,80.75732556486227,1,Male,Yes,Yes,DSL,Two year,No,Credit card (automatic),Yes,Yes,Yes
58b1af9e,11,17.887224763045673,0,Female,Yes,Yes,No,One year,No,Bank transfer (automatic),Yes,No,No
4a182f96,53,21.382195712603455,0,Female,No,No,No,Two year,Yes,Mailed check,No,No,Yes
c21cc927,43,60.940381769606766,0,Male,No,No,DSL,Month-to-month,Yes,Bank transfer (automatic),No,Yes,Yes
36e2a551,39,99.37378587939381,0,Male,No,No,Fiber optic,Month-to-month,No,Bank transfer (automatic),Yes,No,Yes
8611afaf,12,83.17770113327026,0,Female,Yes,Yes,Fiber optic,Month-to-month,Yes,Electronic check,Yes,No,Yes
91b74be3,66,18.83262423554429,0,Male,Yes,Yes,No,Two year,No,Credit card (automatic),No,No,No
f390c62f,57,76.68672935912869,0,Male,No,No,Fiber optic,One year,No,Electronic check,No,Yes,No
7ae67e19,19,19.506458839535608,0,Female,Yes,Yes,No,Two year,No,Mailed check,No,Yes,No
0a168a02,56,104.09261544814211,0,Female,Yes,No,Fiber optic,Month-to-month,Yes,Credit card (automatic),No,No,No
7d88ee56,15,18.380293915277413,0,Male,No,No,No,One year,No,Mailed check,No,No,Yes
244d6044,11,19.53942137632423,0,Female,No,No,No,Month-to-month,Yes,Electronic check,No,No,No
0751248d,61,42.92463505759256,0,Male,Yes,No,DSL,Month-to-month,Yes,Electronic check,No,Yes,Yes
539d3c3e,66,111.11370693449754,0,Male,Yes,Yes,Fiber optic,Two year,No,Bank transfer (automatic),No,Yes,No
652ef962,10,47.30233322907823,1,Male,No,No,DSL,Month-to-month,Yes,Electronic check,No,No,No
4a6efe7b,65,107.63179275122953,0,Male,Yes,No,Fiber optic,Two year,Yes,Electronic check,No,No,Yes
08521e48,4,69.58747807439443,0,Female,No,Yes,Fiber optic,Month-to-month,Yes,Mailed check,Yes,Yes,Yes
ee0d6e0b,11,44.64331758778435,0,Male,No,No,DSL,Month-to-month,Yes,Mailed check,No,Yes,Yes
6eac1850,5,79.54678253470166,0,Male,No,No,Fiber optic,Month-to-month,Yes,Electronic check,Yes,Yes,Yes
62d1196a,31,78.08447603010464,0,Male,Yes,Yes,DSL,One year,Yes,Mailed check,Yes,Yes,Yes
24590b81,0,22.463295243599912,0,Male,No,No,No,Month-to-month,No,Credit card (automatic),No,Yes,Yes
c469a9e3,58,19.009857270370755,0,Male,Yes,Yes,No,Two year,No,Credit card (automatic),No,Yes,Yes
5929fa3a,4,67.82809492950591,0,Male,Yes,Yes,Fiber optic,Month-to-month,Yes,Electronic check,Yes,Yes,Yes
bd69af9e,2,19.74638754344392,0,Male,No,No,No,Month-to-month,No,Mailed check,No,No,Yes
71c2a17d,11,19.896503089354056,0,Female,Yes,Yes,No,Two year,Yes,Mailed check,No,No,Yes
efbdd220,2,49.50413939534319,0,Male,No,No,DSL,Month-to-month,Yes,Electronic check,Yes,Yes,No
d665b2b8,21,89.4557015913911,0,Male,Yes,No,Fiber optic,Month-to-month,Yes,Electronic check,Yes,No,No
63cc07d0,2,75.91677088771968,1,Male,Yes,No,Fiber optic,Month-to-month,No,Mailed check,Yes,Yes,No
74d7fe49,34,66.29780950531037,0,Female,No,Yes,DSL,Two year,No,Credit card (automatic),No,No,Yes
4269eb92,75,90.42806878443159,0,Male,Yes,Yes,Fiber optic,One year,Yes,Electronic check,No,Yes,No
ae4a1178,2,88.70913217312622,0,Male,No,No,Fiber optic,Month-to-month,No,Electronic check,Yes,Yes,Yes
5bfdca8e,6,18.985544328877733,0,Male,No,No,No,Month-to-month,No,Mailed check,No,Yes,Yes
cdb0af85,6,70.93702386274225,0,Male,No,No,Fiber optic,Month-to-month,No,Mailed check,No,No,Yes
246760ba,7,18.187827790953577,0,Female,No,No,No,Two year,No,Mailed check,No,Yes,Yes
136b8534,40,38.848198961931665,0,Female,No,No,DSL,One year,Yes,Bank transfer (automatic),No,Yes,Yes
efe1d97d,26,78.91081506364257,0,Female,No,No,Fiber optic,Month-to-month,No,Bank transfer (automatic),Yes,No,Yes
2e8f5f27,19,85.96620161174832,1,Male,No,No,Fiber optic,Month-to-month,Yes,Bank transfer (automatic),Yes,Yes,No
4dcaea4e,64,19.160041960459434,0,Female,Yes,No,No,Two year,No,Credit card (automatic),No,No,No
534f7e73,48,97.53468368796848,0,Male,No,No,Fiber optic,One year,Yes,Bank transfer (automatic),No,No,No
e16f0961,15,21.012091768304018,0,Female,No,No,No,Month-to-month,Yes,Mailed check,No,No,Yes
bebc4295,61,24.67165825525908,0,Female,Yes,No,No,Two year,No,Bank transfer (automatic),No,Yes,No
56156158,56,108.41473193290162,0,Female,Yes,Yes,Fiber optic,One year,Yes,Credit card (automatic),No,Yes,No
b8bce171,74,25.713132576891667,0,Female,Yes,No,No,Two year,Yes,Credit card (automatic),No,No,No
add1ab5e,65,112.62619764413469,0,Male,Yes,Yes,Fiber optic,Two year,Yes,Bank transfer (automatic),No,Yes,No
598d1d10,11,72.01687010574258,0,Male,No,No,Fiber optic,Month-to-month,Yes,Mailed check,No,Yes,No
e94c00a0,18,70.42867638661595,0,Male,Yes,No,Fiber optic,Month-to-month,No,Electronic check,No,No,No
fa95a75c,30,49.18990636666755,0,Female,Yes,Yes,DSL,Month-to-month,No,Mailed check,No,No,Yes
40bb3176,52,109.63539349063602,0,Male,Yes,Yes,Fiber optic,One year,Yes,Bank transfer (automatic),No,No,Yes
b27dab70,52,109.92657205391775,1,Female,No,No,Fiber optic,One year,Yes,Electronic check,No,No,Yes
c04abd5b,42,102.89423878276835,1,Male,Yes,No,Fiber optic,Month-to-month,Yes,Electronic check,No,Yes,No
7d86550f,18,89.0014338636458,0,Female,Yes,No,Fiber optic,Month-to-month,Yes,Electronic check,No,Yes,Yes
59668d37,45,63.72755644495371,0,Female,No,No,DSL,One year,Yes,Mailed check,No,Yes,No
5e282513,67,45.384035721056094,0,Female,Yes,Yes,DSL,One year,Yes,Credit card (automatic),No,No,Yes
f548c66d,4,88.93198966827511,0,Female,No,No,Fiber optic,Month-to-month,Yes,Electronic check,Yes,Yes,No
a67873f8,21,97.55885544204965,0,Female,Yes,No,Fiber optic,Month-to-month,Yes,Electronic check,No,No,No
6909226e,60,24.944566732252603,0,Female,Yes,No,No,Two year,No,Bank transfer (automatic),No,Yes,Yes
9a36e701,70,102.36908778096476,0,Male,Yes,Yes,Fiber optic,Two year,Yes,Bank transfer (automatic),Yes,Yes,Yes
86514a64,2,89.79865170341435,0,Male,No,No,Fiber optic,Month-to-month,No,Electronic check,No,Yes,No
c4af881f,74,85.41644519344912,1,Male,Yes,No,Fiber optic,One year,Yes,Electronic check,No,Yes,Yes
56fcfe8f,18,94.89307965201944,0,Female,No,No,Fiber optic,One year,Yes,Mailed check,No,No,Yes
927c7d5c,66,79.39241010923443,0,Male,No,No,DSL,One year,Yes,Credit card (automatic),No,No,Yes
3e870084,16,21.819688045751217,0,Female,Yes,Yes,No,One year,No,Mailed check,No,Yes,No
a553d000,63,26.183434678250414,0,Male,Yes,Yes,No,Two year,No,Credit card (automatic),No,Yes,No
872c788e,45,22.22894083153531,0,Male,No,Yes,No,One year,No,Credit card (automatic),No,No,Yes
f7e30b45,55,21.315781930589935,0,Male,No,Yes,No,One year,Yes,Mailed check,No,No,No
d2966742,65,28.02743497554911,0,Female,No,No,No,Two year,Yes,Bank transfer (automatic),No,Yes,Yes
596dde50,6,21.350171176763087,0,Male,No,No,No,Month-to-month,No,Mailed check,Yes,Yes,No
b100ab21,66,106.4264224921796,1,Male,Yes,No,Fiber optic,Two year,Yes,Bank transfer (automatic),Yes,No,Yes
4a51aef3,40,91.37006862258731,0,Female,No,No,Fiber optic,Month-to-month,Yes,Bank transfer (automatic),No,Yes,No
8c8faa03,9,54.8212415417336,0,Male,No,No,DSL,Month-to-month,No,Mailed check,No,Yes,No
4145e9c4,12,21.464255615045694,0,Female,No,No,No,Month-to-month,No,Bank transfer (automatic),No,Yes,Yes
af7285cc,54,104.62234281619679,0,Female,Yes,No,Fiber optic,Month-to-month,Yes,Credit card (automatic),Yes,Yes,No
8f435bc6,0,23.332490923483757,0,Female,No,No,DSL,Month-to-month,No,Bank transfer (automatic),No,No,No
27677515,30,91.5202673548469,0,Female,Yes,Yes,Fiber optic,Month-to-month,Yes,Electronic check,No,No,No
852b2c18,2,60.06376577476534,0,Male,No,No,DSL,Month-to-month,Yes,Mailed check,No,No,Yes
765ff600,65,80.55787769657108,0,Female,No,No,DSL,Two year,Yes,Mailed check,No,No,No
3eb612a6,1,75.52051534500272,0,Female,No,No,Fiber optic,Month-to-month,No,Electronic check,Yes,Yes,No
820ab49e,72,91.67833005646484,0,Male,Yes,Yes,Fiber optic,Two year,No,Bank transfer (automatic),No,Yes,No
93bfa50a,1,43.91617579184418,0,Female,No,No,DSL,Month-to-month,No,Electronic check,No,Yes,Yes
ef15f21a,46,72.00359771825707,0,Female,Yes,No,DSL,One year,Yes,Mailed check,No,No,Yes
2f35439a,55,86.710578097868,0,Male,Yes,No,Fiber optic,Month-to-month,No,Electronic check,Yes,No,No
79c35475,53,50.38608710886939,1,Male,No,No,DSL,One year,Yes,Bank transfer (automatic),No,No,Yes
a79f9c79,2,20.032316913388215,0,Male,No,No,No,Month-to-month,No,Mailed check,No,Yes,No
e89e1a27,4,26.476014276429886,0,Male,No,No,DSL,Month-to-month,Yes,Credit card (automatic),No,Yes,No
db58e5ae,71,89.62531998324545,0,Male,Yes,Yes,Fiber optic,Two year,Yes,Credit card (automatic),No,Yes,No
38bdd150,1,70.03741337038355,0,Female,No,No,Fiber optic,Month-to-month,Yes,Mailed check,No,Yes,No
afd85932,53,20.82366144260622,0,Female,No,No,No,Two year,No,Mailed check,No,Yes,No
54ca02de,5,46.28696140433254,0,Female,No,No,DSL,Month-to-month,Yes,Electronic check,Yes,No,Yes
f1ac21f9,6,87.61584624191198,0,Male,No,No,Fiber optic,Month-to-month,Yes,Electronic check,Yes,No,No
128e21ec,44,107.64721121445245,0,Female,No,No,Fiber optic,Month-to-month,Yes,Electronic check,Yes,No,Yes
da8ee1ee,68,70.3155279458447,1,Female,Yes,No,Fiber optic,Two year,Yes,Credit card (automatic),No,No,Yes
0604d4aa,16,85.16345189086522,0,Male,No,No,Fiber optic,Month-to-month,Yes,Electronic check,No,Yes,Yes
ea5fd31d,47,18.358453868523824,0,Male,No,Yes,No,Two year,No,Bank transfer (automatic),No,Yes,No
ae152e6a,49,97.35165517101404,0,Female,Yes,Yes,Fiber optic,Month-to-month,Yes,Electronic check,No,Yes,No
71c52713,38,99.19413895029507,1,Female,Yes,No,Fiber optic,Month-to-month,No,Bank transfer (automatic),No,No,Yes
7bf87e21,2,21.535941905104373,0,Male,No,No,No,Month-to-month,No,Mailed check,Yes,No,No
6584a931,65,95.62323551451212,0,Male,Yes,No,Fiber optic,Two year,No,Mailed check,No,No,Yes
03d6ef73,5,18.44296634558556,0,Female,Yes,No,No,Month-to-month,Yes,Mailed check,No,No,Yes
ba99426f,7,32.19301708334944,0,Male,No,No,DSL,Month-to-month,Yes,Mailed check,Yes,Yes,Yes
76f2a753,0,18.26866524271111,0,Male,No,No,No,Month-to-month,No,Mailed check,Yes,No,Yes
dddc164d,23,76.66364247101785,0,Male,No,No,Fiber optic,Month-to-month,Yes,Electronic check,Yes,No,Yes
738045e5,2,68.18792614576964,1,Female,No,No,Fiber optic,Month-to-month,Yes,Electronic check,Yes,No,Yes
ca5ec11c,5,44.07339804738331,0,Female,Yes,No,DSL,Month-to-month,Yes,Mailed check,No,No,No
f43dc745,0,20.971750738354572,0,Female,No,No,No,Month-to-month,No,Mailed check,No,Yes,No
f7098cb4,67,76.6807125869442,0,Female,Yes,No,DSL,Two year,Yes,Mailed check,No,Yes,No
f7842006,64,27.20512517435473,0,Male,Yes,No,No,Two year,No,Bank transfer (automatic),No,Yes,No
2b3155d3,72,51.1329374762743,0,Female,Yes,No,DSL,Two year,Yes,Electronic check,Yes,Yes,No
b6f0cf1f,6,68.86666440782446,0,Male,No,No,DSL,Month-to-month,Yes,Credit card (automatic),No,No,No
55fa6dc7,33,78.46177823395429,0,Female,No,No,Fiber optic,One year,No,Electronic check,Yes,No,No
995749b4,69,110.69386148383657,1,Female,No,No,Fiber optic,Two year,Yes,Bank transfer (automatic),No,No,No
5986a0cd,21,74.11832519047888,1,Male,Yes,No,Fiber optic,Month-to-month,Yes,Electronic check,Yes,Yes,Yes
1c706989,52,18.13602407859752,0,Male,No,Yes,No,Two year,No,Bank transfer (automatic),Yes,Yes,No
df9cc64a,3,68.4538260748077,0,Male,No,No,Fiber optic,Month-to-month,Yes,Electronic check,Yes,Yes,Yes
b8325349,4,19.20201920297117,0,Male,No,Yes,No,Month-to-month,Yes,Mailed check,No,No,Yes
90d06553,17,21.260549135345798,0,Female,No,No,No,One year,No,Credit card (automatic),No,No,Yes
12817ee3,31,20.905973270085923,0,Male,No,No,No,One year,No,Mailed check,No,Yes,No
43825410,52,18.930811945336476,0,Female,No,Yes,No,Two year,No,Credit card (automatic),No,No,Yes
0a11efbb,43,21.8438505467841,0,Male,No,No,No,Two year,No,Mailed check,No,No,No
1fe135b2,61,19.951285233836607,0,Male,Yes,Yes,No,Two year,No,Credit card (automatic),No,Yes,No
69749382,21,56.18984394855885,0,Male,Yes,Yes,DSL,Month-to-month,No,Electronic check,Yes,No,Yes
678fe29c,58,20.997003921925373,0,Female,Yes,Yes,No,Two year,No,Bank transfer (automatic),No,No,Yes
d6d0a86d,6,21.820011150103078,0,Male,Yes,Yes,No,Two year,Yes,Credit card (automatic),No,No,Yes
2ea2e866,10,95.36527619512867,0,Female,No,No,Fiber optic,Month-to-month,Yes,Electronic check,Yes,No,No
8518daff,30,81.68570549435026,1,Female,No,No,Fiber optic,Month-to-month,No,Credit card (automatic),Yes,Yes,Yes
c52330c2,61,95.49435277024052,0,Female,Yes,No,Fiber optic,One year,Yes,Mailed check,No,Yes,Yes
8ca221e1,1,22.583836890934126,1,Male,Yes,No,DSL,Month-to-month,No,Electronic check,Yes,Yes,Yes
848ca524,69,20.743345522804805,0,Female,Yes,Yes,No,Two year,No,Bank transfer (automatic),No,Yes,Yes
dd93af36,23,93.4727261188591,0,Female,No,No,Fiber optic,Month-to-month,Yes,Electronic check,Yes,No,Yes
d3c0a858,60,95.92901732975606,0,Male,No,No,Fiber optic,One year,Yes,Electronic check,Yes,Yes,Yes
6a7ed860,65,44.425890574649586,1,Female,Yes,No,DSL,One year,No,Bank transfer (automatic),No,Yes,No
8fd1a2f8,63,73.37001221907877,1,Female,Yes,No,DSL,Two year,Yes,Bank transfer (automatic),Yes,No,No
9e68ee45,37,53.46580086557699,0,Male,No,No,DSL,Two year,Yes,Credit card (automatic),No,No,Yes
6e768c15,0,79.74902508741795,1,Female,No,No,Fiber optic,Month-to-month,Yes,Electronic check,Yes,Yes,Yes
7bc579f1,73,71.81307034727081,0,Male,Yes,No,DSL,Two year,No,Mailed check,No,Yes,Yes
079455ed,0,19.984085726165016,0,Female,No,No,No,Month-to-month,No,Mailed check,Yes,Yes,Yes
0a4ae7d3,24,19.27239970950439,0,Male,No,No,No,One year,Yes,Bank transfer (automatic),No,No,Yes
6ad11979,74,114.29977568936712,0,Female,No,No,Fiber optic,Two year,Yes,Credit card (automatic),No,No,No
a47e2922,41,24.65946488142266,0,Male,Yes,Yes,No,Two year,No,Credit card (automatic),No,No,Yes
810e42c4,13,62.0837862036674,0,Male,Yes,Yes,DSL,Month-to-month,No,Mailed check,No,Yes,Yes
0e2b3feb,24,101.61858810344911,0,Male,No,No,Fiber optic,Month-to-month,Yes,Mailed check,No,Yes,No
5d0f2d19,39,91.56743212138218,1,Male,Yes,No,Fiber optic,Month-to-month,Yes,Electronic check,Yes,No,No
f522415d,68,19.85193157146366,0,Female,Yes,Yes,No,Two year,Yes,Bank transfer (automatic),No,Yes,Yes
78b4769f,0,20.492194259772624,0,Male,No,No,No,Month-to-month,No,Mailed check,No,No,No
a193a1fb,4,46.2381476613201,0,Female,No,No,DSL,Month-to-month,Yes,Mailed check,No,Yes,No
ff38dd1f,61,92.6657366982177,0,Male,Yes,No,Fiber optic,Two year,Yes,Credit card (automatic),No,Yes,Yes
ece85f2a,16,77.46778069294864,1,Female,No,No,Fiber optic,Month-to-month,No,Electronic check,No,No,No
797616b6,8,52.721426031671086,0,Male,Yes,Yes,DSL,Month-to-month,Yes,Mailed check,No,Yes,No
f54c7d1e,63,18.621530065328944,0,Female,Yes,Yes,No,One year,No,Credit card (automatic),No,No,No
2d310e23,69,110.86451810105089,0,Male,Yes,Yes,Fiber optic,Two year,No,Bank transfer (automatic),No,No,Yes
8db19547,0,65.07465771911117,0,Male,No,No,Fiber optic,Month-to-month,No,Electronic check,Yes,No,No
45810a14,15,86.36664305578876,0,Male,Yes,No,Fiber optic,Month-to-month,No,Bank transfer (automatic),Yes,Yes,No
45733191,52,81.92005873447124,0,Male,No,No,Fiber optic,Month-to-month,Yes,Electronic check,No,No,No
9d5bbd98,73,110.41372485262751,0,Female,Yes,Yes,Fiber optic,Two year,No,Bank transfer (automatic),No,Yes,No
d1867ec0,53,88.95146500615249,0,Male,No,No,Fiber optic,Month-to-month,Yes,Electronic check,No,Yes,No
bd780541,2,82.60841208005775,1,Female,No,No,Fiber optic,Month-to-month,Yes,Electronic check,Yes,Yes,No
943377d9,27,32.77066125614013,0,Male,No,No,DSL,Month-to-month,Yes,Credit card (automatic),No,Yes,Yes
fd612bf5,23,83.13282470579415,1,Male,Yes,No,Fiber optic,Month-to-month,Yes,Electronic check,No,Yes,No
d727a464,4,48.82038528397224,0,Female,No,No,DSL,Month-to-month,No,Mailed check,No,No,No
c6902729,42,48.41707778555017,0,Male,No,Yes,DSL,One year,No,Bank transfer (automatic),No,No,No
0916a1e7,4,91.5636273777236,1,Male,No,No,Fiber optic,Month-to-month,Yes,Electronic check,Yes,Yes,Yes
aee77e1f,16,79.13048352761936,0,Female,No,No,Fiber optic,Month-to-month,No,Electronic check,Yes,No,No
dd811497,27,70.1268579809849,0,Male,Yes,Yes,DSL,One year,No,Bank transfer (automatic),No,No,No
55ba38ef,19,73.00574613295726,1,Male,No,No,Fiber optic,Month-to-month,Yes,Bank transfer (automatic),No,Yes,No
a808decd,23,59.08964326934341,1,Female,Yes,No,DSL,One year,No,Mailed check,No,Yes,Yes
e08b298d,7,105.61956897189403,1,Female,Yes,No,Fiber optic,Month-to-month,Yes,Electronic check,Yes,No,Yes
90e9cc26,50,24.138577282274312,0,Female,Yes,No,No,Two year,No,Mailed check,No,Yes,No
c6c2c679,15,58.56238248603485,0,Male,Yes,No,DSL,Month-to-month,No,Credit card (automatic),No,Yes,Yes
70e6f5a9,19,73.60638107926843,1,Male,No,No,Fiber optic,Month-to-month,No,Credit card (automatic),Yes,Yes,No
74b91cd2,36,92.55393457293425,0,Male,Yes,Yes,Fiber optic,Month-to-month,Yes,Mailed check,Yes,Yes,Yes
2a99ee38,39,107.52682558075603,0,Female,No,No,Fiber optic,One year,Yes,Bank transfer (automatic),No,Yes,Yes
f43ddb7d,3,56.33188371669876,1,Female,No,No,DSL,Month-to-month,No,Mailed check,Yes,Yes,Yes
937d01f9,7,98.3192034962542,1,Female,No,No,Fiber optic,Month-to-month,Yes,Credit card (automatic),Yes,Yes,Yes
9dcaa18a,62,99.61878218266378,0,Female,Yes,No,Fiber optic,Month-to-month,Yes,Electronic check,No,No,No
8fb8c34d,9,19.07480857695032,0,Female,Yes,Yes,No,Month-to-month,No,Mailed check,Yes,No,Yes
8a49d932,12,95.94997188420706,0,Female,No,No,Fiber optic,Month-to-month,No,Electronic check,Yes,Yes,No
ab932d5d,28,81.32749342324963,0,Female,Yes,Yes,Fiber optic,Month-to-month,No,Mailed check,No,No,Yes
04f999fb,66,122.92661432353472,0,Female,Yes,Yes,Fiber optic,One year,No,Electronic check,No,No,No
6f53838c,45,102.35092823645893,0,Female,Yes,No,Fiber optic,Two year,Yes,Credit card (automatic),No,Yes,Yes
be0c8b38,5,71.91050825033321,1,Female,No,No,Fiber optic,Month-to-month,Yes,Electronic check,Yes,Yes,No
65b57718,64,21.887673128210334,0,Female,Yes,Yes,No,Two year,No,Bank transfer (automatic),No,Yes,No
121d4ad8,73,20.919948451487134,0,Female,Yes,Yes,No,Two year,No,Bank transfer (automatic),No,No,No
62f6a47d,53,86.10995684777363,0,Male,Yes,Yes,DSL,Month-to-month,No,Electronic check,No,No,Yes
2e677073,10,19.28988353503368,0,Female,Yes,No,No,Month-to-month,Yes,Mailed check,No,No,Yes
fccb3dd8,1,44.642562998440766,0,Male,No,No,DSL,Month-to-month,No,Electronic check,Yes,No,No
08c965d3,69,86.13366679912079,0,Female,Yes,Yes,DSL,Two year,No,Mailed check,No,No,Yes
569c1d5a,10,43.79355594780301,0,Female,No,No,DSL,Month-to-month,No,Bank transfer (automatic),No,Yes,Yes
101fa3ba,8,21.84058677401663,0,Female,Yes,Yes,No,Two year,No,Mailed check,No,Yes,No
1cb6664f,16,26.665046146665482,0,Female,No,No,No,Two year,No,Bank transfer (automatic),No,No,Yes
338b0960,26,20.57372880594768,0,Male,No,Yes,No,Month-to-month,No,Mailed check,No,Yes,Yes
9afd74ee,47,95.56983341572952,0,Female,Yes,Yes,Fiber optic,One year,Yes,Credit card (automatic),Yes,No,Yes
8706a26e,8,51.29953726209254,0,Male,No,No,DSL,Month-to-month,Yes,Mailed check,Yes,Yes,No
86522c65,22,45.01284994772053,0,Female,Yes,Yes,DSL,Month-to-month,Yes,Bank transfer (automatic),No,Yes,No
035849a2,74,100.90163475476261,0,Male,Yes,Yes,Fiber optic,Two year,Yes,Credit card (automatic),No,Yes,No
16db2fe2,3,96.57069896469875,0,Male,No,Yes,Fiber optic,Month-to-month,No,Electronic check,Yes,No,Yes
0d69b681,30,39.14317864590127,0,Female,No,No,DSL,One year,No,Credit card (automatic),No,No,No
04f6d9b2,35,67.5656564864754,0,Female,No,No,DSL,One year,No,Mailed check,No,No,Yes
cde0587b,49,63.45608052843777,1,Female,Yes,No,DSL,One year,Yes,Bank transfer (automatic),No,Yes,No
764db896,31,101.47515519384561,1,Male,Yes,Yes,Fiber optic,Month-to-month,Yes,Electronic check,No,Yes,No
0c1ac20f,11,57.29963796226522,0,Female,No,No,DSL,One year,No,Electronic check,No,Yes,No
2a74be84,19,20.51777924392809,0,Female,Yes,Yes,No,Month-to-month,No,Mailed check,No,No,Yes
92fad865,27,78.645880612255,0,Male,No,No,DSL,One year,No,Bank transfer (automatic),No,Yes,No
8e27029c,15,17.891786392290367,0,Female,Yes,Yes,No,Month-to-month,No,Mailed check,Yes,No,Yes
208fbff1,49,19.548052760812567,0,Female,Yes,Yes,No,Two year,No,Mailed check,No,No,No
03b2407a,4,88.02090342427199,0,Female,No,No,Fiber optic,Month-to-month,Yes,Electronic check,Yes,No,Yes
562900f6,19,18.109343760842293,0,Male,No,No,No,Month-to-month,No,Mailed check,No,No,No
e5c84a29,54,115.8416742715421,0,Male,No,No,Fiber optic,Month-to-month,Yes,Mailed check,No,No,Yes
d54e38a1,24,21.732185768286698,0,Female,Yes,Yes,No,Two year,No,Mailed check,No,Yes,Yes
dab9a034,9,47.28471535151631,0,Male,Yes,Yes,DSL,One year,Yes,Electronic check,Yes,Yes,No
b12331e7,0,52.498860646850574,1,Male,Yes,Yes,DSL,Month-to-month,Yes,Credit card (automatic),Yes,Yes,Yes
83bb5f4e,54,19.32479346992766,0,Male,Yes,No,No,Two year,No,Credit card (automatic),No,Yes,Yes
a8535403,65,100.8302561376197,0,Male,Yes,No,DSL,Two year,No,Bank transfer (automatic),No,Yes,No
afea9cc7,69,90.50331712867576,0,Male,No,No,DSL,Two year,No,Mailed check,No,No,Yes
1a7a6bc1,27,81.5651240125526,1,Male,Yes,Yes,Fiber optic,Month-to-month,Yes,Electronic check,No,No,No
c54ee946,3,20.091391204246708,0,Male,No,Yes,No,Month-to-month,No,Mailed check,No,Yes,Yes
8dc3e682,11,84.57392541987235,0,Male,Yes,No,Fiber optic,Month-to-month,Yes,Bank transfer (automatic),Yes,Yes,No
e22aac91,32,35.17848407085407,0,Female,Yes,Yes,DSL,Month-to-month,Yes,Electronic check,No,Yes,Yes
0f271de8,68,38.54085864230896,0,Female,No,No,DSL,Two year,No,Mailed check,No,No,Yes
4bb84847,50,63.21738691064818,0,Male,Yes,Yes,DSL,One year,Yes,Electronic check,No,Yes,No
c9bccfad,3,19.379705868021617,0,Female,No,No,No,One year,No,Mailed check,No,No,Yes
172e60a0,31,83.13880695243886,0,Female,No,No,Fiber optic,Month-to-month,No,Electronic check,Yes,Yes,No
e8101ea6,50,78.81713257389669,0,Male,No,No,Fiber optic,One year,No,Mailed check,No,No,Yes
680e9d6a,36,19.59956132916233,0,Male,Yes,No,No,Two year,No,Bank transfer (automatic),No,No,No
f1ce2833,0,63.927755040540646,0,Male,No,No,Fiber optic,Month-to-month,Yes,Electronic check,Yes,No,No
2d83d1e2,72,24.52581326590027,0,Male,Yes,Yes,No,Two year,No,Credit card (automatic),No,Yes,Yes
c13c68fa,73,21.49465360083252,0,Female,Yes,Yes,No,Two year,No,Bank transfer (automatic),No,No,No
520bff3f,43,65.21269830662622,1,Male,No,No,DSL,One year,No,Credit card (automatic),Yes,No,Yes
79f8ac20,31,81.5427974250738,0,Female,No,No,DSL,One year,No,Credit card (automatic),No,No,Yes
ba74a3f5,66,23.46286701428358,0,Male,Yes,Yes,No,Two year,Yes,Mailed check,No,Yes,No
0131bcef,73,69.715543140046,1,Male,Yes,No,DSL,Two year,No,Bank transfer (automatic),No,Yes,Yes
fa0edb3b,74,69.78120957753052,0,Female,Yes,No,DSL,Two year,No,Bank transfer (automatic),No,Yes,Yes
1c9fac98,50,93.30250438374244,0,Male,Yes,No,Fiber optic,One year,No,Bank transfer (automatic),No,No,No
16144571,7,19.668789425110592,0,Male,No,Yes,No,One year,No,Mailed check,No,No,Yes
a1a7e46e,6,52.539527122250206,0,Male,Yes,Yes,DSL,One year,Yes,Electronic check,Yes,No,No
3a1fcdf0,2,19.762853449570382,0,Female,Yes,Yes,No,Two year,No,Mailed check,No,Yes,Yes
6e10518b,21,19.502942353233145,0,Male,No,Yes,No,Month-to-month,Yes,Electronic check,Yes,No,Yes
c331384a,65,21.119795529125803,0,Female,No,No,No,One year,No,Electronic check,No,No,No
75c5afcc,31,100.46754480351737,0,Female,Yes,Yes,Fiber optic,Month-to-month,Yes,Electronic check,No,No,Yes
9a066e3e,49,88.37316423976797,0,Male,No,No,DSL,Two year,Yes,Mailed check,No,Yes,No
69912c7c,52,96.36764891591703,0,Male,Yes,No,Fiber optic,Month-to-month,Yes,Electronic check,Yes,No,Yes
cf391e81,54,105.23969015574066,0,Female,Yes,No,Fiber optic,One year,Yes,Bank transfer (automatic),No,No,No
c4406ea3,68,34.12733514137857,0,Male,No,No,DSL,One year,Yes,Bank transfer (automatic),No,Yes,Yes
abe926c2,28,92.69080391621891,0,Female,No,No,Fiber optic,Month-to-month,Yes,Electronic check,Yes,Yes,Yes
a677b04b,63,89.68895677173947,0,Female,No,No,DSL,Two year,Yes,Credit card (automatic),No,No,Yes
1cd733f3,24,112.77541526825546,1,Female,No,No,Fiber optic,Month-to-month,Yes,Mailed check,Yes,Yes,No
f35aa53b,4,86.72215039429707,0,Female,No,No,Fiber optic,Month-to-month,Yes,Electronic check,No,No,Yes
1d1ec4c1,55,41.55579106536784,1,Male,Yes,No,DSL,Month-to-month,Yes,Electronic check,Yes,No,No
d1a22d89,19,92.4476203168111,1,Male,No,No,Fiber optic,Month-to-month,Yes,Electronic check,No,Yes,No
3e7445a8,3,52.52859317662332,0,Female,No,No,DSL,Month-to-month,No,Electronic check,Yes,No,Yes
4b5b2368,32,45.0662157875822,0,Female,Yes,Yes,DSL,Two year,Yes,Credit card (automatic),No,Yes,No
e71bcb3a,52,60.14179078664614,0,Female,No,No,DSL,Month-to-month,Yes,Electronic check,No,No,No
db2d8a07,48,80.66257617027672,0,Male,Yes,Yes,Fiber optic,Month-to-month,No,Electronic check,Yes,No,Yes
5d19e043,49,64.07882800448687,0,Male,Yes,No,DSL,Two year,No,Mailed check,No,Yes,No
09cf5485,12,46.06843347651109,0,Male,Yes,No,DSL,Month-to-month,No,Electronic check,Yes,No,Yes
b69f41f0,17,20.744132813280807,0,Male,Yes,Yes,No,One year,No,Mailed check,No,No,No
67c023cb,67,90.96685742038538,0,Male,Yes,No,Fiber optic,One year,Yes,Credit card (automatic),No,No,No
c9eeafbe,48,87.28318053589683,1,Female,No,No,Fiber optic,Month-to-month,Yes,Bank transfer (automatic),Yes,No,No
c61fb3f1,75,64.16067991415515,0,Female,Yes,Yes,DSL,Two year,Yes,Bank transfer (automatic),No,Yes,Yes
cf7bcb7e,74,114.17707541067786,0,Female,Yes,Yes,Fiber optic,Two year,No,Credit card (automatic),No,Yes,Yes
bacad29c,30,21.418807006798115,0,Female,Yes,Yes,No,One year,No,Bank transfer (automatic),No,Yes,Yes
37b03346,0,47.949828382539664,0,Male,No,No,DSL,Month-to-month,No,Bank transfer (automatic),No,Yes,No
f45403b3,32,26.098182929312518,0,Male,No,Yes,DSL,Month-to-month,No,Credit card (automatic),No,No,Yes
0a71810d,49,18.10593082731676,0,Male,Yes,Yes,No,Two year,No,Credit card (automatic),No,Yes,Yes
12016218,40,34.28679623902413,0,Male,No,No,DSL,One year,Yes,Credit card (automatic),No,No,No
c44bcfc4,69,55.931829585046614,0,Female,Yes,Yes,DSL,Two year,No,Credit card (automatic),No,Yes,No
997aa9e6,0,47.606629535920504,0,Male,No,No,DSL,Month-to-month,Yes,Mailed check,No,Yes,Yes
e39eb949,71,95.91943688198543,0,Male,Yes,No,DSL,Two year,Yes,Credit card (automatic),No,No,No
4e3b6418,58,93.83317130041686,1,Female,No,No,Fiber optic,One year,Yes,Electronic check,No,Yes,Yes
7604d0f2,35,95.9231376881179,0,Male,No,No,Fiber optic,Two year,Yes,Electronic check,No,No,Yes
747ddb5d,33,86.61204241734323,0,Male,Yes,No,Fiber optic,Month-to-month,No,Credit card (automatic),No,No,No
71a0a6d6,17,59.52931655753522,0,Female,No,No,DSL,One year,Yes,Mailed check,No,Yes,Yes
547829b0,13,54.232774246008475,0,Female,Yes,Yes,DSL,One year,No,Bank transfer (automatic),No,Yes,Yes
5ebb1eb9,5,88.48550148084614,1,Female,No,No,Fiber optic,Month-to-month,No,Electronic check,Yes,Yes,Yes
ca6fe9c1,43,45.89250100488819,0,Female,Yes,Yes,DSL,Month-to-month,Yes,Bank transfer (automatic),No,Yes,No
3915f972,47,79.27591381021286,0,Female,Yes,No,DSL,One year,No,Bank transfer (automatic),No,No,No
7facff89,48,28.397301430106644,1,Male,Yes,No,DSL,Month-to-month,Yes,Credit card (automatic),No,Yes,Yes
a088b124,10,80.37815699088556,0,Female,No,No,Fiber optic,Month-to-month,Yes,Electronic check,Yes,Yes,No
d08ab91a,8,51.85338866510876,0,Female,No,No,DSL,Month-to-month,No,Credit card (automatic),Yes,No,No
a088959e,22,19.42001157183766,0,Female,No,Yes,No,Month-to-month,No,Mailed check,No,Yes,No
3b8b359a,51,99.00426224209703,0,Male,Yes,No,Fiber optic,Month-to-month,Yes,Bank transfer (automatic),No,Yes,No
5921a893,0,67.56350469266778,0,Female,No,No,Fiber optic,Month-to-month,Yes,Mailed check,No,No,No
aa20319a,36,81.44393094745075,0,Female,No,No,DSL,One year,Yes,Credit card (automatic),Yes,Yes,Yes
23060e21,51,91.11027014019155,0,Male,Yes,No,Fiber optic,Month-to-month,Yes,Bank transfer (automatic),No,No,Yes
60e61108,45,113.92586671305716,0,Male,Yes,Yes,Fiber optic,One year,Yes,Credit card (automatic),No,No,No
d6d2e449,3,48.325524984940934,0,Male,No,No,DSL,Month-to-month,No,Mailed check,No,Yes,No
a610d979,60,18.935377371418344,0,Male,Yes,No,No,Two year,Yes,Bank transfer (automatic),No,Yes,No
89814e1b,61,19.867978591140034,0,Male,No,No,No,Two year,Yes,Credit card (automatic),No,No,No
08969095,28,57.30104941897131,0,Female,No,No,DSL,Month-to-month,Yes,Mailed check,No,Yes,Yes
98b983d0,69,99.88057916569032,0,Male,Yes,Yes,Fiber optic,One year,Yes,Electronic check,No,Yes,No
cc53f8f2,52,20.50726641319366,0,Female,Yes,Yes,No,One year,Yes,Electronic check,No,No,No
a0f19ad3,39,68.71090014364057,0,Male,No,Yes,DSL,One year,No,Mailed check,No,No,Yes
6e8400be,0,41.37881051556916,0,Male,No,No,DSL,Month-to-month,Yes,Electronic check,Yes,No,No
548e8617,60,40.84857620098557,0,Male,Yes,No,DSL,One year,Yes,Credit card (automatic),No,No,No
764741f6,31,70.76072177720046,0,Male,Yes,No,Fiber optic,Month-to-month,Yes,Credit card (automatic),No,Yes,No
5fc09ea5,59,68.5838351011717,0,Female,Yes,Yes,DSL,Two year,Yes,Bank transfer (automatic),No,No,No
b8438fb7,48,107.93322744610627,0,Male,Yes,Yes,Fiber optic,Month-to-month,Yes,Bank transfer (automatic),Yes,Yes,No
dc28ffba,56,94.00518804628649,1,Female,Yes,No,Fiber optic,One year,No,Electronic check,No,No,No
a610d8bb,4,72.76898383870027,0,Female,No,No,Fiber optic,Month-to-month,Yes,Mailed check,Yes,Yes,Yes
3581b8cd,40,74.33141645139852,1,Female,Yes,No,Fiber optic,Month-to-month,Yes,Bank transfer (automatic),Yes,No,No
854a28b8,75,117.52291161565861,0,Female,No,No,Fiber optic,Two year,No,Credit card (automatic),No,Yes,No
79e5817c,40,77.78974823711803,0,Female,No,No,DSL,One year,Yes,Electronic check,No,No,No
dcbd6db4,0,87.45544975254707,0,Female,No,No,Fiber optic,Month-to-month,Yes,Electronic check,Yes,No,No
bae8ed25,56,104.10057798461425,1,Male,Yes,No,Fiber optic,Month-to-month,Yes,Credit card (automatic),No,Yes,Yes
a438707e,36,42.39696916186211,0,Female,Yes,Yes,DSL,Two year,Yes,Credit card (automatic),No,No,Yes
7d932274,4,53.51793877234405,0,Female,Yes,Yes,DSL,Month-to-month,No,Electronic check,No,No,No
79934a8e,2,25.23049456597868,0,Male,No,No,No,Month-to-month,Yes,Mailed check,Yes,No,No
7f2fdc9a,30,19.13413408164511,0,Female,No,No,No,One year,No,Mailed check,No,No,No
bc28f505,56,92.65838487842208,0,Female,No,No,Fiber optic,One year,Yes,Mailed check,No,Yes,Yes
d61faed4,17,91.28430004920357,0,Female,No,No,Fiber optic,Month-to-month,Yes,Credit card (automatic),No,Yes,Yes
01f8c7a9,68,82.67603121197311,1,Female,Yes,No,Fiber optic,Two year,Yes,Credit card (automatic),No,Yes,Yes
a581b6f0,7,90.84091904699855,0,Male,No,No,Fiber optic,Month-to-month,No,Electronic check,No,No,No
3ffea888,19,19.493042519873462,0,Female,Yes,Yes,No,Two year,No,Mailed check,No,Yes,Yes
4ad08757,56,96.52315120977487,0,Female,No,No,Fiber optic,One year,Yes,Bank transfer (automatic),No,No,No
3f85d03a,48,32.886899022612894,0,Female,Yes,Yes,DSL,Two year,No,Bank transfer (automatic),No,No,No
f9f0bbb5,62,98.54165270685309,0,Female,Yes,No,Fiber optic,One year,Yes,Electronic check,No,Yes,Yes
4f118cd8,48,19.37504289606605,0,Male,Yes,No,No,Two year,No,Mailed check,No,Yes,Yes
33d7f131,13,48.683289941833046,0,Male,Yes,Yes,DSL,One year,No,Mailed check,No,No,No
0f1baff7,3,42.238693347740416,0,Male,No,No,DSL,Month-to-month,Yes,Electronic check,No,Yes,No
58aed000,63,115.3589670885344,0,Male,Yes,Yes,Fiber optic,Two year,Yes,Credit card (automatic),No,No,No
ce466dc0,43,102.87594445241861,0,Female,Yes,No,Fiber optic,One year,No,Bank transfer (automatic),No,Yes,No
33aea445,40,78.84055306554356,0,Male,Yes,Yes,DSL,One year,No,Electronic check,No,Yes,Yes
6207f715,0,23.185475128536698,0,Male,No,No,No,Month-to-month,Yes,Mailed check,No,No,No
8e4a38e4,16,18.612649077178155,0,Male,Yes,Yes,No,One year,No,Mailed check,No,No,No
050c52b5,6,68.86264221269893,0,Male,No,No,Fiber optic,Month-to-month,Yes,Electronic check,Yes,No,No
29940669,51,90.64819322499143,1,Male,No,No,Fiber optic,One year,Yes,Bank transfer (automatic),No,No,Yes
e3d40a74,0,42.958473662503565,0,Male,No,No,DSL,Month-to-month,No,Mailed check,No,Yes,No
bc152d6b,18,74.0110525705225,0,Male,No,No,Fiber optic,Month-to-month,Yes,Electronic check,Yes,No,Yes
c9762e44,0,49.62725555925293,0,Male,No,No,DSL,Month-to-month,Yes,Mailed check,Yes,No,No
b0553345,2,104.972169657575,0,Female,No,No,Fiber optic,Month-to-month,Yes,Electronic check,Yes,No,No
496be2a6,7,61.4686774468721,0,Male,No,No,DSL,Month-to-month,No,Mailed check,No,No,No
9a149999,40,81.27024843352012,0,Female,No,No,Fiber optic,Month-to-month,No,Bank transfer (automatic),No,Yes,No
ac8cc1f8,45,112.6481151336826,0,Male,Yes,No,Fiber optic,Month-to-month,Yes,Bank transfer (automatic),Yes,No,Yes
c9ebdfb9,33,61.021601772495565,0,Female,Yes,No,DSL,Month-to-month,No,Electronic check,No,Yes,No
f072f796,15,95.79606961276794,0,Male,No,No,Fiber optic,Month-to-month,Yes,Electronic check,No,Yes,No
717be73b,63,19.503208941690048,0,Male,No,No,No,Two year,No,Mailed check,No,No,Yes
098d3b3e,28,20.019092755057528,0,Male,No,No,No,Two year,No,Bank transfer (automatic),No,Yes,Yes
9ac12ec2,28,92.67980984960089,1,Female,Yes,No,Fiber optic,Month-to-month,Yes,Electronic check,Yes,No,Yes
6bfc2cd4,40,108.08843436389108,1,Female,No,No,Fiber optic,Month-to-month,Yes,Bank transfer (automatic),Yes,No,Yes
36b6205c,10,78.48554208837633,0,Female,No,No,Fiber optic,Month-to-month,Yes,Credit card (automatic),No,No,Yes
77a8106d,60,24.910130314648423,0,Female,Yes,No,No,Two year,No,Bank transfer (automatic),No,Yes,Yes
16f12823,33,80.2488922551996,0,Male,No,No,Fiber optic,One year,No,Bank transfer (automatic),No,Yes,Yes
a0310135,74,25.60415530184387,1,Male,Yes,No,No,Two year,No,Bank transfer (automatic),No,Yes,Yes
2a204e8e,24,93.54154848423212,0,Female,No,No,Fiber optic,Month-to-month,Yes,Electronic check,Yes,No,No
13c43be8,3,18.333304274215614,0,Female,Yes,Yes,No,Month-to-month,No,Mailed check,Yes,Yes,No
e99d6670,3,82.14190654979559,0,Male,No,No,Fiber optic,Month-to-month,Yes,Electronic check,Yes,Yes,No
701bb055,43,23.894732768428156,0,Male,Yes,Yes,No,Two year,No,Credit card (automatic),No,Yes,Yes
cdbc1c37,68,23.697828326421295,0,Male,Yes,Yes,No,Two year,No,Credit card (automatic),No,Yes,No
9a151d13,63,104.54081565290575,0,Female,Yes,No,Fiber optic,Month-to-month,Yes,Electronic check,No,No,Yes
6b9f140b,71,19.198622757681466,1,Male,No,No,No,Two year,Yes,Credit card (automatic),No,Yes,No
f6f84e44,12,57.55517700932755,0,Male,No,No,DSL,Month-to-month,No,Mailed check,No,Yes,Yes
4cb84d18,6,58.044595582449276,0,Female,No,No,DSL,Month-to-month,Yes,Electronic check,Yes,No,No
c5606353,39,79.37270665558695,0,Male,No,No,Fiber optic,Month-to-month,No,Electronic check,Yes,No,Yes
f88b9311,48,71.59697293973969,0,Female,No,No,Fiber optic,Month-to-month,Yes,Credit card (automatic),No,Yes,Yes
a87bf559,41,118.28910232663713,1,Male,Yes,Yes,Fiber optic,Month-to-month,Yes,Bank transfer (automatic),Yes,Yes,No
2c9613b6,2,78.35910587476765,0,Male,No,Yes,Fiber optic,Month-to-month,Yes,Electronic check,Yes,Yes,No
9cf6a5e4,31,63.75803948309953,0,Female,No,No,DSL,Month-to-month,No,Mailed check,No,No,No
6bad3ea5,65,24.007579686942595,0,Male,No,Yes,No,Two year,Yes,Mailed check,No,No,No
713542f2,62,94.84958287408098,0,Male,No,No,DSL,Two year,No,Credit card (automatic),No,No,Yes
d70c409c,0,18.244079084130775,0,Male,No,No,No,Month-to-month,No,Mailed check,Yes,No,Yes
b68696fa,10,62.543927613165096,0,Male,No,No,DSL,Month-to-month,Yes,Electronic check,No,Yes,Yes
2bb91740,39,104.70084467712346,0,Female,Yes,No,Fiber optic,Month-to-month,Yes,Electronic check,Yes,No,No
dfb9aae3,35,76.9763298519498,0,Male,No,No,Fiber optic,Month-to-month,No,Credit card (automatic),Yes,No,No
111dd4fc,3,86.18644456702474,0,Female,No,No,Fiber optic,Month-to-month,Yes,Mailed check,No,Yes,No
deee3bed,59,20.588541767436908,0,Male,No,No,No,Two year,Yes,Bank transfer (automatic),No,Yes,Yes
8b456049,55,120.73742884207505,0,Female,No,No,Fiber optic,One year,Yes,Credit card (automatic),Yes,No,Yes
0ef13015,11,70.92004403890158,0,Male,No,No,DSL,Month-to-month,Yes,Bank transfer (automatic),No,Yes,Yes
05d6122a,71,108.06426649897995,0,Male,Yes,Yes,Fiber optic,Two year,No,Bank transfer (automatic),No,No,No
0ac8b19a,12,27.60959915323149,0,Female,Yes,Yes,No,Month-to-month,No,Mailed check,No,Yes,No
4917b052,43,67.14902302001626,1,Female,Yes,No,Fiber optic,Month-to-month,Yes,Credit card (automatic),Yes,Yes,No
78cde1ba,11,88.64991200123207,0,Male,No,No,Fiber optic,Month-to-month,Yes,Electronic check,Yes,Yes,Yes
0ccef6d8,3,21.57730633171198,0,Male,No,No,No,Month-to-month,Yes,Electronic check,No,Yes,Yes
65b55d03,54,21.681997242221875,0,Female,Yes,No,No,Two year,No,Bank transfer (automatic),No,No,Yes
5fd7f225,53,101.05682240223058,0,Male,Yes,Yes,Fiber optic,Month-to-month,No,Electronic check,Yes,No,Yes
cd75c22e,72,114.80179540287135,0,Female,Yes,Yes,Fiber optic,Two year,Yes,Bank transfer (automatic),No,Yes,No
c74118e5,3,109.02696462776728,0,Male,No,No,Fiber optic,Month-to-month,Yes,Electronic check,No,Yes,No
cfab8348,4,82.20027334786569,0,Male,No,No,DSL,Month-to-month,Yes,Electronic check,No,No,Yes
d12fabfe,74,26.782937249498644,1,Male,Yes,No,No,Two year,No,Bank transfer (automatic),No,Yes,Yes
2935f51a,43,56.8522155167386,0,Male,Yes,Yes,DSL,Two year,Yes,Credit card (automatic),No,No,No
0ecb7fb9,0,50.513582574464934,1,Male,No,No,DSL,Month-to-month,No,Electronic check,No,No,Yes
f72e9f20,53,52.23815166616207,0,Female,No,No,DSL,One year,No,Credit card (automatic),No,Yes,Yes
28840f41,2,77.29987762610419,0,Male,No,No,Fiber optic,Month-to-month,Yes,Mailed check,Yes,No,No
d5d91a71,33,102.53529065744345,0,Female,No,No,Fiber optic,Month-to-month,Yes,Electronic check,No,No,Yes
8f931912,41,20.004436253389706,0,Female,Yes,Yes,No,Two year,Yes,Bank transfer (automatic),No,No,Yes
964fd3c4,56,86.68719941076482,0,Male,Yes,Yes,Fiber optic,One year,Yes,Mailed check,No,No,Yes
09ea78bf,20,80.77846551264147,1,Female,No,No,Fiber optic,Month-to-month,Yes,Electronic check,Yes,No,No
fedfbe5f,60,20.755775198786104,0,Female,Yes,Yes,No,Month-to-month,Yes,Mailed check,Yes,No,Yes
32819002,36,96.59781617098686,0,Female,Yes,No,Fiber optic,One year,Yes,Credit card (automatic),Yes,Yes,No
4d13033d,0,76.62638245204334,0,Female,No,No,Fiber optic,Month-to-month,Yes,Electronic check,Yes,Yes,No
0a50a39f,11,107.67036920234176,0,Female,No,No,Fiber optic,Month-to-month,Yes,Electronic check,Yes,No,No
89bbeaa4,16,80.8099257382305,1,Female,No,No,Fiber optic,Month-to-month,Yes,Electronic check,Yes,No,Yes
db98ce60,3,20.797283368512012,0,Male,No,No,No,Month-to-month,No,Mailed check,No,No,No
3c85716f,70,108.94977338750807,0,Male,Yes,Yes,Fiber optic,Two year,Yes,Electronic check,Yes,Yes,Yes
c7caa8ce,61,100.1773687155194,0,Male,Yes,Yes,Fiber optic,Two year,Yes,Electronic check,No,Yes,No
2ffae2a9,1,42.54158041912361,0,Female,Yes,Yes,DSL,Month-to-month,No,Mailed check,Yes,Yes,No
1b8e8dde,71,19.418641555019565,0,Female,Yes,Yes,No,One year,Yes,Credit card (automatic),No,Yes,No
c6a4b13a,8,20.485617489506954,0,Male,Yes,Yes,No,Month-to-month,No,Credit card (automatic),No,Yes,No
a6c775e9,14,58.741115615041295,1,Male,No,No,DSL,Month-to-month,No,Bank transfer (automatic),No,Yes,No
7bc0ac16,5,77.31013827695945,0,Female,No,No,DSL,Month-to-month,Yes,Electronic check,No,No,Yes
d91987b0,51,59.53111309452145,0,Female,Yes,No,DSL,One year,Yes,Bank transfer (automatic),No,No,No
4cd2fbb2,24,51.26291859822737,0,Male,No,No,DSL,Month-to-month,Yes,Electronic check,No,Yes,Yes
a6171e50,11,17.00328348392773,0,Female,No,No,No,Month-to-month,No,Mailed check,No,Yes,No
fa93737d,47,64.74708411369714,0,Male,Yes,No,DSL,One year,Yes,Electronic check,No,Yes,No
ddf93557,2,20.353449033358665,0,Female,No,No,No,Month-to-month,Yes,Mailed check,Yes,Yes,Yes
daf07da8,24,22.684909533103877,0,Female,No,No,No,Two year,No,Credit card (automatic),Yes,No,No
9acbe807,7,69.35679038798449,0,Male,No,No,Fiber optic,Month-to-month,Yes,Bank transfer (automatic),Yes,No,Yes
f48bae17,0,30.237948045111064,0,Female,Yes,Yes,DSL,Month-to-month,No,Bank transfer (automatic),Yes,Yes,Yes
8a2a5910,48,85.70010335499633,0,Male,No,No,Fiber optic,Month-to-month,Yes,Electronic check,No,Yes,No
9a2de201,7,25.365998460684764,0,Female,No,No,No,Month-to-month,Yes,Mailed check,No,Yes,No
475842cf,65,18.52481975101136,0,Female,Yes,No,No,Two year,No,Credit card (automatic),No,No,No
ff281a38,4,60.71299983935087,0,Female,No,Yes,DSL,Month-to-month,No,Electronic check,Yes,Yes,Yes
c16466fa,4,66.95356866017903,1,Female,Yes,Yes,Fiber optic,Month-to-month,Yes,Electronic check,Yes,Yes,Yes
ffe56a2a,57,92.20283086087785,1,Female,No,No,Fiber optic,One year,Yes,Bank transfer (automatic),No,Yes,Yes
d1adac21,30,74.74066556582956,0,Female,Yes,Yes,DSL,Two year,No,Bank transfer (automatic),No,Yes,Yes
d12ca063,5,43.11593983299066,0,Male,No,No,DSL,Month-to-month,Yes,Electronic check,No,Yes,Yes
42429e5c,32,103.63441630118224,1,Male,No,No,Fiber optic,Month-to-month,Yes,Bank transfer (automatic),No,Yes,No
5082721f,64,76.28487919758629,0,Female,Yes,No,Fiber optic,One year,Yes,Credit card (automatic),No,No,No
b86cf419,8,20.88975312835539,0,Male,Yes,Yes,No,Month-to-month,No,Credit card (automatic),No,Yes,Yes
645e24be,33,57.277672964387925,0,Male,No,No,DSL,One year,No,Mailed check,No,No,No
850ecc84,38,101.85174900168244,1,Female,Yes,No,Fiber optic,One year,No,Credit card (automatic),No,No,Yes
8bef246b,4,20.600083526113238,0,Male,No,No,No,Month-to-month,No,Mailed check,No,Yes,No
5bf2b453,3,107.5556337202783,0,Male,No,No,Fiber optic,Month-to-month,No,Electronic check,No,Yes,No
26ebe499,65,95.41520100236589,0,Female,Yes,No,Fiber optic,Two year,Yes,Bank transfer (automatic),No,No,Yes
05b6934b,58,73.76068557778181,0,Male,No,No,DSL,Two year,No,Bank transfer (automatic),No,Yes,No
eb16b430,12,78.40814484372623,0,Male,No,No,DSL,Month-to-month,Yes,Credit card (automatic),Yes,No,Yes
1c6486d6,71,98.65458575129128,1,Female,Yes,Yes,Fiber optic,One year,Yes,Electronic check,No,Yes,Yes
05b3f433,37,66.92785250749857,1,Male,No,No,DSL,One year,Yes,Electronic check,No,Yes,No
ba2e5eb0,36,23.84121612186857,0,Female,Yes,Yes,No,Month-to-month,No,Mailed check,No,No,No
d4121ad8,14,44.51143227043621,0,Female,No,No,DSL,Month-to-month,Yes,Mailed check,No,No,No
8acd0fc3,58,97.56709319775455,0,Male,No,No,Fiber optic,Two year,Yes,Electronic check,No,Yes,Yes
74653ba0,2,53.65391249236066,0,Female,Yes,No,DSL,Month-to-month,Yes,Mailed check,No,Yes,No
1d94e04c,13,27.947596131976564,0,Female,No,No,DSL,Two year,Yes,Mailed check,No,Yes,Yes
01c9da89,11,83.29088647052218,1,Male,Yes,Yes,Fiber optic,Month-to-month,Yes,Credit card (automatic),Yes,No,No
95fc28d6,72,66.54695228870789,1,Male,Yes,No,DSL,Two year,Yes,Credit card (automatic),No,Yes,No
797e2ed4,16,88.93467215663199,0,Male,Yes,No,Fiber optic,Month-to-month,Yes,Electronic check,No,No,Yes
37480f45,28,47.05870083552716,0,Female,No,No,DSL,Month-to-month,Yes,Electronic check,No,No,Yes
4a4ae397,64,80.86603079964954,1,Male,Yes,No,Fiber optic,Month-to-month,Yes,Electronic check,No,No,No
d3c8ad09,66,88.12192652754332,1,Male,Yes,No,Fiber optic,Month-to-month,Yes,Electronic check,No,Yes,Yes
eb5d0ca8,30,87.01855190421684,0,Male,No,No,Fiber optic,Month-to-month,Yes,Electronic check,No,No,No
c8aec9e0,50,77.82438088892825,0,Female,No,No,DSL,Two year,Yes,Bank transfer (automatic),No,No,Yes
6709a4b3,60,17.62961071266383,0,Male,No,No,No,Two year,No,Mailed check,Yes,No,No
281f682d,13,41.508600375741416,0,Female,No,No,DSL,Month-to-month,No,Bank transfer (automatic),No,No,No
9f0e5da8,69,81.22184666289442,0,Female,Yes,Yes,Fiber optic,One year,No,Bank transfer (automatic),No,Yes,Yes
3bcb4d99,3,21.925585399752716,0,Male,No,No,No,Month-to-month,No,Mailed check,No,Yes,Yes
3329381e,4,28.21222557694589,0,Female,No,No,DSL,Month-to-month,Yes,Electronic check,Yes,Yes,No
c8dd6a4a,66,22.735493693535364,0,Male,No,No,No,Two year,No,Mailed check,No,Yes,Yes
ddeaeb3a,16,82.74353332374109,0,Female,Yes,Yes,DSL,Month-to-month,No,Credit card (automatic),No,Yes,Yes
e02ea064,75,25.948353044736,0,Male,Yes,No,No,Two year,No,Credit card (automatic),No,Yes,Yes
685a94a8,30,80.03598692134979,0,Male,Yes,Yes,Fiber optic,One year,Yes,Credit card (automatic),No,Yes,Yes
c21b0a9e,5,89.99407168568688,0,Female,No,Yes,Fiber optic,Month-to-month,No,Bank transfer (automatic),Yes,No,No
670109bd,53,56.025739272291176,1,Female,No,No,DSL,Two year,No,Bank transfer (automatic),No,Yes,Yes
333aa089,6,71.04847747187806,0,Male,No,No,Fiber optic,Month-to-month,Yes,Electronic check,Yes,Yes,No
f8611f03,11,48.40700609514527,0,Female,No,No,DSL,Two year,No,Mailed check,No,No,Yes
c32630db,49,103.00963810632308,0,Female,No,Yes,Fiber optic,Two year,Yes,Mailed check,Yes,Yes,Yes
934d26d8,73,43.21954840385655,1,Male,No,No,DSL,One year,Yes,Electronic check,Yes,No,No
7e84c634,17,102.10422628528659,0,Female,No,No,Fiber optic,Month-to-month,Yes,Bank transfer (automatic),Yes,No,Yes
d6ed6efd,0,70.72974545621479,0,Female,No,No,Fiber optic,Month-to-month,Yes,Electronic check,No,Yes,No
e4e0ce52,58,54.51195208112242,0,Male,Yes,Yes,DSL,One year,No,Credit card (automatic),No,No,No
d1c3462b,55,66.75663615177257,0,Female,Yes,No,DSL,One year,No,Bank transfer (automatic),No,Yes,No
f1e9d8a9,4,84.05366043457553,0,Male,No,No,Fiber optic,Month-to-month,Yes,Electronic check,No,Yes,Yes
af673dee,11,54.771541064975814,0,Male,No,No,DSL,Month-to-month,No,Bank transfer (automatic),Yes,Yes,Yes
36ccaf6f,32,93.12103239310994,0,Male,Yes,No,Fiber optic,Month-to-month,No,Credit card (automatic),No,No,Yes
9ce1db94,73,60.778238231710205,0,Female,Yes,No,DSL,Two year,No,Credit card (automatic),Yes,Yes,No
d201b43f,68,23.868267226784695,0,Male,Yes,Yes,No,Two year,No,Bank transfer (automatic),No,Yes,Yes
23eb00ec,59,64.74894314755986,0,Female,No,No,DSL,One year,Yes,Credit card (automatic),No,Yes,No
6d43b548,0,20.105675104129922,0,Male,No,No,No,Month-to-month,No,Bank transfer (automatic),No,Yes,Yes
350831cc,56,69.83279110193341,1,Male,No,No,DSL,One year,No,Bank transfer (automatic),No,Yes,No
ba054ead,69,60.8667029376858,0,Male,No,Yes,DSL,One year,No,Bank transfer (automatic),No,Yes,No
5831754f,0,45.19048311358084,0,Female,No,No,DSL,Month-to-month,No,Electronic check,No,No,Yes
263944a4,55,94.82208591758778,0,Female,Yes,Yes,Fiber optic,Two year,Yes,Bank transfer (automatic),No,Yes,No
79bc4e9f,54,20.403269440042816,0,Male,No,No,No,Two year,No,Mailed check,No,Yes,Yes
a191dd51,48,82.42776804915533,1,Female,No,No,Fiber optic,Month-to-month,Yes,Bank transfer (automatic),Yes,No,Yes
35883f7c,28,52.78546064697727,0,Female,No,No,DSL,Month-to-month,Yes,Mailed check,No,No,No
744b4f96,15,21.01284822355365,0,Female,Yes,Yes,No,Month-to-month,No,Mailed check,No,No,No
43d31242,16,47.916992331713416,0,Female,Yes,No,DSL,Month-to-month,Yes,Electronic check,No,Yes,Yes
a6e5f159,14,19.590830521897395,0,Male,No,No,No,One year,No,Credit card (automatic),No,No,Yes
604b1c00,4,71.17898647093867,1,Male,Yes,No,Fiber optic,Month-to-month,Yes,Electronic check,Yes,Yes,No
4931d192,38,70.62064802253276,0,Female,Yes,Yes,DSL,One year,Yes,Credit card (automatic),No,Yes,No
60cc75c4,33,72.77645005882238,0,Male,No,No,Fiber optic,Month-to-month,Yes,Bank transfer (automatic),Yes,Yes,No
c94baf06,2,76.70977493058282,0,Male,No,No,Fiber optic,Month-to-month,No,Electronic check,Yes,Yes,No
e5bde774,68,101.93352037739604,0,Male,Yes,No,Fiber optic,One year,Yes,Bank transfer (automatic),No,Yes,Yes
5d0575f9,4,93.68411450492309,0,Female,No,No,Fiber optic,Month-to-month,Yes,Electronic check,No,Yes,No
66603dc4,33,59.311789160173355,0,Female,No,No,DSL,One year,No,Electronic check,No,Yes,Yes
aa0b2924,13,21.005932789920372,0,Male,Yes,Yes,No,Month-to-month,Yes,Electronic check,No,Yes,Yes
4c920655,2,57.31454064838522,0,Male,No,No,DSL,Month-to-month,Yes,Mailed check,No,Yes,Yes
37f79f4c,36,39.54729082721091,0,Male,No,No,DSL,Month-to-month,Yes,Electronic check,No,No,No
e1b3ca27,3,96.9661514657778,0,Female,No,Yes,Fiber optic,Month-to-month,Yes,Electronic check,No,No,No
6540a925,30,60.298635502862766,0,Male,No,No,DSL,Two year,Yes,Mailed check,No,No,Yes
a042a287,75,82.85110123902886,0,Male,Yes,Yes,DSL,Two year,Yes,Credit card (automatic),No,Yes,No
413f64ad,3,55.959215795331076,0,Female,Yes,Yes,DSL,Two year,No,Credit card (automatic),No,No,Yes
74131c9a,58,21.772392832116964,0,Male,Yes,No,No,Two year,No,Mailed check,No,Yes,Yes
dac16e31,6,84.14033222830017,1,Male,No,No,Fiber optic,Month-to-month,Yes,Electronic check,Yes,Yes,Yes
87f1d0b6,57,62.29344650081991,0,Female,Yes,Yes,Fiber optic,Two year,Yes,Credit card (automatic),No,Yes,No
b477a544,4,92.02524468072924,1,Male,No,No,Fiber optic,Month-to-month,Yes,Electronic check,Yes,No,No
422e5638,43,91.45815933658427,0,Male,No,No,Fiber optic,Month-to-month,No,Electronic check,Yes,Yes,Yes
7bf9a3ce,51,100.09268789221153,0,Female,Yes,Yes,Fiber optic,Two year,Yes,Bank transfer (automatic),Yes,Yes,No
4310c56e,42,83.34938084953215,0,Female,Yes,No,DSL,Two year,Yes,Electronic check,No,Yes,Yes
b7c31904,35,45.698581258226,0,Female,Yes,No,DSL,Month-to-month,No,Bank transfer (automatic),No,No,No
910bf6d0,71,98.13442069242495,0,Female,Yes,No,Fiber optic,One year,Yes,Electronic check,No,Yes,No
8e004b81,60,95.98222119524507,0,Female,Yes,No,Fiber optic,Two year,Yes,Bank transfer (automatic),No,No,No
31500473,16,59.76441159734515,0,Female,No,No,DSL,Month-to-month,Yes,Mailed check,No,No,No
b8670fe2,12,31.546598326395983,1,Male,No,No,DSL,Month-to-month,Yes,Credit card (automatic),No,No,Yes
e22bd5fd,30,84.48799848399102,1,Female,Yes,No,Fiber optic,Month-to-month,Yes,Electronic check,Yes,Yes,Yes
2ca39ba0,60,105.39327371812688,0,Female,Yes,No,Fiber optic,Two year,Yes,Credit card (automatic),No,Yes,No
9ba852e5,70,110.89403240469318,0,Female,Yes,Yes,Fiber optic,Two year,No,Credit card (automatic),No,No,Yes
3cd777d6,49,102.35458625745335,0,Male,Yes,No,Fiber optic,One year,Yes,Electronic check,No,No,Yes
f419ef67,3,83.44400528736072,0,Male,No,No,DSL,Two year,Yes,Mailed check,No,No,Yes
7397a41a,38,22.020347608058767,0,Male,No,No,No,Two year,No,Bank transfer (automatic),No,Yes,Yes
19df81fc,60,73.05071460100979,0,Female,No,No,Fiber optic,One year,Yes,Bank transfer (automatic),No,No,Yes
53330ee8,4,44.37333625076998,0,Female,No,No,DSL,Month-to-month,Yes,Credit card (automatic),No,Yes,Yes
98d7c4a1,27,99.7785386797979,0,Female,Yes,No,Fiber optic,One year,Yes,Credit card (automatic),No,No,No
64dd6c99,2,71.81127476155051,0,Male,No,No,Fiber optic,Month-to-month,Yes,Mailed check,Yes,No,No
f31b9592,13,21.659314990116293,0,Female,Yes,Yes,No,One year,No,Credit card (automatic),No,No,No
6a683fc0,1,115.49322608542622,0,Male,No,No,Fiber optic,Month-to-month,Yes,Bank transfer (automatic),Yes,No,No
5bc33258,0,22.255759803299483,0,Female,No,No,No,Month-to-month,No,Mailed check,No,Yes,No
31916398,59,20.494453729441602,0,Male,Yes,Yes,No,One year,No,Bank transfer (automatic),No,Yes,Yes
ea867ea9,23,61.04017772718779,0,Male,No,No,DSL,One year,Yes,Bank transfer (automatic),No,Yes,Yes
69c4319c,55,21.450202749863593,0,Male,No,No,No,Two year,No,Credit card (automatic),No,No,Yes
55a2bce0,17,19.42937381220244,0,Female,Yes,Yes,No,Month-to-month,No,Mailed check,No,No,Yes
c280f03b,46,125.27230890562548,1,Female,Yes,No,Fiber optic,Month-to-month,No,Electronic check,Yes,Yes,No
d1807a08,23,25.815848089460367,0,Female,Yes,No,DSL,Month-to-month,Yes,Electronic check,Yes,No,Yes
59d72514,62,113.9428310955192,0,Male,No,No,Fiber optic,Two year,Yes,Credit card (automatic),Yes,Yes,Yes
c024f120,26,81.43460467373616,0,Male,No,No,Fiber optic,Month-to-month,Yes,Electronic check,No,Yes,Yes
c75db047,10,42.66212999435807,0,Male,No,No,DSL,Month-to-month,Yes,Bank transfer (automatic),Yes,Yes,No
d8997a13,1,54.15959609302286,0,Male,No,No,DSL,Month-to-month,Yes,Mailed check,No,Yes,No
b1dd4f17,42,107.66831331436407,1,Female,No,No,Fiber optic,One year,Yes,Bank transfer (automatic),No,No,No
6a47e85f,52,114.24691018953138,1,Female,No,No,Fiber optic,Month-to-month,No,Credit card (automatic),No,No,No
8a1afe11,13,91.6178164229289,0,Female,No,No,Fiber optic,Month-to-month,Yes,Electronic check,No,Yes,Yes
ecbcb97b,61,105.47303025536407,0,Male,Yes,Yes,Fiber optic,One year,Yes,Electronic check,Yes,Yes,No
5410ef21,31,51.719123550010686,0,Male,No,No,DSL,One year,Yes,Electronic check,No,No,No
5e47d130,67,65.67977909550588,0,Female,Yes,Yes,DSL,Two year,No,Credit card (automatic),No,No,Yes
9fad3d19,72,121.46533768197897,0,Male,Yes,Yes,Fiber optic,Two year,Yes,Bank transfer (automatic),No,No,No
de82977e,18,47.371176564961985,0,Male,Yes,No,DSL,Month-to-month,Yes,Mailed check,Yes,Yes,Yes
3227f24b,45,19.64787552378999,0,Female,Yes,Yes,No,Two year,No,Credit card (automatic),No,Yes,No
49e99cf6,12,101.45576249390702,0,Male,No,No,Fiber optic,Month-to-month,No,Electronic check,No,No,Yes
95a78b52,70,80.80740315113393,0,Male,Yes,No,DSL,Two year,Yes,Mailed check,No,No,No
537d6db4,2,79.53671561948893,0,Female,Yes,Yes,Fiber optic,Month-to-month,Yes,Electronic check,No,Yes,Yes
ad1070fa,0,19.336581235400086,0,Male,No,No,No,Month-to-month,No,Mailed check,No,No,Yes
33571496,62,97.53610749350979,0,Female,Yes,No,Fiber optic,Month-to-month,Yes,Electronic check,No,Yes,No
ae8b2fd7,5,81.97801960305914,0,Female,No,No,Fiber optic,Month-to-month,Yes,Mailed check,No,Yes,No
4a154725,28,75.46710919585624,0,Male,No,No,DSL,One year,No,Electronic check,No,No,No
ff7d2afc,44,85.24987972752201,0,Male,Yes,No,Fiber optic,Month-to-month,Yes,Mailed check,No,Yes,No
ac6403f7,0,79.31925648011469,0,Female,No,No,Fiber optic,Month-to-month,No,Credit card (automatic),Yes,Yes,No
07ffb766,21,65.1057710064751,0,Female,Yes,No,DSL,Month-to-month,No,Mailed check,No,Yes,Yes
9d4fc782,33,95.14707018025884,0,Male,No,Yes,Fiber optic,Month-to-month,Yes,Bank transfer (automatic),No,No,Yes
33a32dcb,61,26.428257484021266,0,Male,Yes,Yes,No,Two year,Yes,Mailed check,No,No,Yes
6737ba31,20,97.4921149953841,0,Male,No,No,Fiber optic,Month-to-month,Yes,Electronic check,No,No,No
43718350,45,71.10049584180831,0,Female,Yes,Yes,DSL,One year,No,Bank transfer (automatic),No,No,No
08f8f816,58,36.70945485045632,0,Male,Yes,Yes,DSL,One year,No,Mailed check,No,No,No
b327456e,45,67.1011852179293,0,Male,Yes,Yes,DSL,One year,No,Credit card (automatic),No,Yes,No
194aa9bd,74,63.58430749025236,0,Female,Yes,Yes,DSL,Two year,Yes,Bank transfer (automatic),No,Yes,No
e321de27,71,109.70492797022702,0,Male,Yes,No,Fiber optic,Two year,Yes,Bank transfer (automatic),No,Yes,No
45e3ec34,36,71.83022469495843,0,Male,No,No,DSL,Month-to-month,Yes,Credit card (automatic),No,Yes,No
01656eca,13,66.24343897277673,0,Female,Yes,Yes,DSL,Month-to-month,Yes,Mailed check,No,Yes,No
e6bdfec6,2,59.825557033970775,0,Male,No,No,DSL,Month-to-month,Yes,Credit card (automatic),No,Yes,Yes
4b8c411e,36,59.85942059894282,0,Male,Yes,No,DSL,Two year,Yes,Bank transfer (automatic),No,No,No
271a6965,12,60.669494788181495,0,Female,Yes,Yes,DSL,Month-to-month,No,Credit card (automatic),Yes,Yes,Yes
6cc058fe,10,68.37592023294232,0,Male,Yes,No,DSL,Month-to-month,Yes,Mailed check,No,Yes,Yes
73341226,74,122.45845323299206,0,Female,Yes,No,Fiber optic,Two year,Yes,Credit card (automatic),No,No,No
d135a70a,70,95.83520059799689,0,Male,Yes,No,Fiber optic,One year,Yes,Electronic check,No,No,No
68162e3b,15,83.43585548725768,1,Female,No,No,Fiber optic,Month-to-month,Yes,Electronic check,Yes,Yes,No
2ed7692a,21,65.35220037422981,0,Male,No,No,DSL,Month-to-month,No,Mailed check,No,No,Yes
80a6bd87,39,72.09507382133648,0,Male,Yes,Yes,DSL,One year,No,Electronic check,No,Yes,No
db77fe0b,65,80.86243427457536,0,Female,No,No,DSL,Two year,Yes,Credit card (automatic),No,Yes,Yes
7b603b62,54,73.55486205638655,0,Female,Yes,Yes,DSL,One year,Yes,Credit card (automatic),No,Yes,Yes
d49b02f7,12,54.749769863023324,0,Male,Yes,No,DSL,Month-to-month,Yes,Bank transfer (automatic),No,Yes,Yes
4c518c93,64,96.76683768942516,0,Female,Yes,Yes,DSL,Two year,Yes,Mailed check,No,Yes,Yes
d4f2463c,18,21.481600710616437,0,Female,No,No,No,Month-to-month,No,Mailed check,No,Yes,No
9213417d,18,97.89475521169445,0,Female,Yes,No,Fiber optic,Month-to-month,Yes,Electronic check,No,Yes,No
4d05baac,62,63.84438949541458,0,Male,Yes,No,DSL,One year,Yes,Mailed check,No,Yes,Yes
2fac6155,70,124.10674190228605,0,Male,No,No,Fiber optic,One year,Yes,Bank transfer (automatic),Yes,No,Yes
8c9aa44c,11,85.04856426123018,0,Female,No,No,Fiber optic,Month-to-month,Yes,Electronic check,Yes,Yes,Yes
dd7a0540,4,89.953093724816,0,Female,No,No,Fiber optic,Month-to-month,Yes,Electronic check,Yes,Yes,No
2fdba0fb,5,49.93491857538377,1,Female,No,No,DSL,Month-to-month,No,Electronic check,Yes,No,No
be162fc9,7,26.371559902673187,1,Female,No,No,DSL,Month-to-month,No,Electronic check,Yes,No,Yes
670cc2ad,32,100.42011159348127,1,Male,Yes,No,Fiber optic,Month-to-month,Yes,Bank transfer (automatic),No,Yes,No
0a45b68b,61,101.5946469100061,0,Female,No,No,Fiber optic,Two year,No,Bank transfer (automatic),No,Yes,No
f6923039,71,95.47884940217067,0,Female,Yes,No,Fiber optic,One year,Yes,Electronic check,No,Yes,No
7de57140,62,99.68401205143498,0,Male,Yes,No,Fiber optic,Month-to-month,Yes,Electronic check,Yes,No,Yes
9e89939e,19,20.24700542353767,0,Female,No,No,No,One year,No,Mailed check,No,No,No
90db9686,17,20.617982416493135,0,Female,Yes,Yes,No,Month-to-month,No,Mailed check,No,No,No
96e02b7b,2,83.69326175701279,0,Male,No,No,Fiber optic,Month-to-month,Yes,Electronic check,Yes,No,No
a79fced7,3,89.35266300660861,1,Female,No,No,Fiber optic,Month-to-month,Yes,Electronic check,Yes,No,Yes
26f4110e,19,85.23173076819309,1,Female,No,No,Fiber optic,Month-to-month,Yes,Electronic check,No,Yes,Yes
9cdbae3a,1,47.00603895353877,0,Male,No,No,DSL,Month-to-month,No,Mailed check,No,Yes,Yes
1ca49735,40,112.90806753498384,1,Female,No,No,Fiber optic,Month-to-month,Yes,Electronic check,Yes,No,No
0b0c8461,2,54.18031349336693,0,Female,No,No,DSL,Month-to-month,Yes,Electronic check,No,Yes,No
71eef903,12,40.730296662339676,0,Female,Yes,No,DSL,Month-to-month,Yes,Electronic check,Yes,Yes,Yes
7f128c09,1,44.833458595636955,0,Male,Yes,Yes,DSL,Month-to-month,No,Electronic check,No,Yes,Yes
c698722b,14,43.047655290611324,0,Female,Yes,No,DSL,Month-to-month,Yes,Electronic check,Yes,No,Yes
b028e04e,10,46.68355330245099,0,Male,Yes,Yes,DSL,Month-to-month,Yes,Electronic check,Yes,Yes,No
37215738,24,18.75161726873602,0,Male,No,No,No,Month-to-month,Yes,Electronic check,No,No,Yes
ce83f199,7,27.790461618738238,0,Male,No,No,DSL,Month-to-month,Yes,Electronic check,Yes,Yes,Yes
12c31e77,3,21.118914278640084,0,Female,No,No,No,Month-to-month,No,Mailed check,No,Yes,No
ead1ae16,18,103.63175140400422,1,Male,No,No,Fiber optic,Month-to-month,Yes,Bank transfer (automatic),Yes,Yes,No
bb610ecb,66,87.32691982774612,0,Female,Yes,Yes,Fiber optic,Two year,Yes,Credit card (automatic),No,Yes,Yes
008646ce,70,23.27554326747523,0,Female,Yes,Yes,No,Two year,No,Credit card (automatic),No,No,Yes
b3c97a01,70,78.91846487963858,0,Female,Yes,Yes,DSL,One year,Yes,Credit card (automatic),No,No,No
5a3c6033,8,86.26194965700752,0,Male,No,No,Fiber optic,Month-to-month,Yes,Bank transfer (automatic),Yes,No,Yes
a38fc60e,0,21.085555301084913,0,Female,Yes,Yes,No,Month-to-month,No,Electronic check,No,No,No
2d474eac,8,55.557223601270145,0,Female,Yes,Yes,DSL,Month-to-month,Yes,Mailed check,No,Yes,Yes
acdac4bc,38,100.63907488074692,0,Female,No,No,Fiber optic,Month-to-month,Yes,Credit card (automatic),No,No,Yes
a1296d23,8,80.05825796659717,0,Female,No,No,Fiber optic,Month-to-month,No,Electronic check,Yes,Yes,Yes
fc2420bc,13,56.52640044784444,0,Male,Yes,Yes,DSL,Month-to-month,No,Mailed check,No,No,No
bae6d332,3,73.9798652060488,0,Female,No,No,Fiber optic,Month-to-month,Yes,Mailed check,Yes,No,Yes
e3899978,30,78.51915414459309,0,Male,Yes,Yes,DSL,One year,Yes,Mailed check,Yes,No,No
fc0cf665,36,62.26988922904975,0,Male,Yes,Yes,DSL,Two year,Yes,Credit card (automatic),No,Yes,No
517f45a2,16,76.31349742386217,1,Female,No,No,Fiber optic,Month-to-month,No,Electronic check,No,Yes,No
dcdab13f,26,78.18810403073499,0,Male,No,No,Fiber optic,One year,Yes,Electronic check,No,Yes,Yes
73202b56,19,35.978585789585715,0,Female,Yes,No,DSL,Month-to-month,Yes,Credit card (automatic),No,Yes,Yes
2cd9b07b,70,59.07473067821967,0,Male,Yes,Yes,DSL,Two year,Yes,Credit card (automatic),No,No,No
506dd3dd,57,111.04988095521789,0,Male,Yes,Yes,Fiber optic,Two year,Yes,Electronic check,No,No,No
8e4a830a,5,76.25269519179972,0,Female,No,No,Fiber optic,Month-to-month,Yes,Mailed check,No,Yes,Yes
9db8c5bc,57,88.69590686334018,0,Male,No,No,Fiber optic,Month-to-month,No,Bank transfer (automatic),No,No,No
1621a1b7,0,47.010879135390695,0,Female,No,No,DSL,Month-to-month,No,Mailed check,No,No,Yes
cc7d19b0,3,76.1074483118432,0,Female,No,Yes,Fiber optic,Month-to-month,No,Bank transfer (automatic),Yes,Yes,No
096aff93,3,81.15759254838902,0,Female,No,No,Fiber optic,Month-to-month,Yes,Electronic check,No,No,Yes
6e5c78e9,42,100.04372754522292,1,Female,Yes,No,Fiber optic,Month-to-month,Yes,Electronic check,No,Yes,No
ef9d17d7,21,83.17281405782956,0,Male,Yes,Yes,DSL,One year,Yes,Mailed check,No,Yes,Yes
3812b66c,40,17.47113069819537,0,Female,Yes,Yes,No,Two year,No,Bank transfer (automatic),No,Yes,No
5e2bb388,22,53.85262984876114,0,Male,Yes,No,DSL,Month-to-month,Yes,Electronic check,Yes,Yes,Yes
197834ec,4,18.629699399054275,0,Female,No,No,No,One year,No,Mailed check,No,No,No
74a122aa,59,21.511505253990673,0,Male,No,No,No,Two year,No,Bank transfer (automatic),No,No,Yes
5eb9b2f1,0,57.10479331023909,0,Female,No,No,DSL,Month-to-month,Yes,Credit card (automatic),Yes,No,Yes
63540446,28,98.20562536438023,0,Male,No,No,Fiber optic,Month-to-month,Yes,Electronic check,No,Yes,No
c936c702,54,93.08651705831917,0,Female,No,No,Fiber optic,One year,No,Electronic check,No,Yes,No
6d9d44f8,74,84.906666256099,0,Male,Yes,No,DSL,Two year,Yes,Bank transfer (automatic),No,Yes,Yes
72eb2a0b,8,20.616160508192124,0,Male,No,Yes,No,One year,Yes,Bank transfer (automatic),No,No,No
561418b8,2,43.75156389859591,0,Female,No,No,DSL,Month-to-month,No,Electronic check,No,No,Yes
d8259216,68,23.657260930640152,0,Female,Yes,No,No,Two year,No,Credit card (automatic),No,Yes,Yes
d79cb1c9,40,63.240268625677835,0,Female,No,No,DSL,One year,No,Bank transfer (automatic),No,No,Yes
8af611a7,41,95.19708889596203,0,Male,No,No,Fiber optic,Two year,No,Bank transfer (automatic),No,No,Yes
2c617ef0,66,95.88542531105637,0,Male,Yes,No,Fiber optic,One year,No,Electronic check,No,No,Yes
0d4ca225,59,108.39567386333704,0,Female,No,No,Fiber optic,Two year,Yes,Electronic check,Yes,Yes,No
ff497a51,23,90.6253087103571,0,Female,Yes,Yes,Fiber optic,Month-to-month,No,Mailed check,No,Yes,No
d7f39a8c,52,100.71713875440801,0,Male,No,No,Fiber optic,One year,Yes,Electronic check,Yes,No,Yes
5a537cd6,1,97.63270434522315,0,Male,Yes,No,Fiber optic,Month-to-month,Yes,Electronic check,Yes,No,No
9b153d3c,35,19.515743114292132,0,Male,Yes,Yes,No,Month-to-month,Yes,Credit card (automatic),No,Yes,No
255533ee,10,61.18965125685325,0,Male,No,No,DSL,Month-to-month,Yes,Electronic check,No,Yes,Yes
3d641379,3,18.892045598619863,0,Male,No,No,No,One year,No,Mailed check,No,No,Yes
1d100e9d,37,70.23661494396501,0,Female,No,No,DSL,Month-to-month,No,Mailed check,No,Yes,Yes
22fd6e89,56,90.26257371129768,0,Male,No,No,Fiber optic,Month-to-month,No,Electronic check,No,No,No
af32f79a,26,55.95199662039465,0,Female,No,No,DSL,Month-to-month,No,Credit card (automatic),No,Yes,Yes
2dc93117,4,91.15218284186984,0,Female,Yes,Yes,Fiber optic,Month-to-month,Yes,Mailed check,Yes,No,No
80ad230b,42,59.54785615557237,0,Female,Yes,No,DSL,Month-to-month,No,Electronic check,Yes,Yes,No
d14a0a8a,3,73.56577865280929,0,Female,No,No,Fiber optic,Month-to-month,Yes,Electronic check,Yes,Yes,No
f259de5f,27,50.93106859764648,0,Male,Yes,No,DSL,One year,No,Credit card (automatic),No,No,Yes
2316ef4f,11,19.845957476074528,0,Female,No,No,No,Month-to-month,No,Mailed check,No,No,Yes
589b8441,62,78.6921560706458,0,Female,No,No,DSL,Two year,No,Bank transfer (automatic),No,Yes,No
48d44217,6,105.73202926566542,1,Female,Yes,No,Fiber optic,Month-to-month,Yes,Electronic check,Yes,Yes,No
898e35a5,1,65.34668401079233,0,Male,No,No,DSL,Month-to-month,No,Electronic check,No,No,No
da43ebfb,7,30.94591496311756,1,Male,Yes,No,DSL,Month-to-month,No,Bank transfer (automatic),No,No,Yes
88915a05,66,19.197308080173112,0,Male,No,No,No,Two year,No,Bank transfer (automatic),No,Yes,No
793ec537,12,88.99430788740729,0,Male,No,No,Fiber optic,Month-to-month,Yes,Electronic check,Yes,No,No
5d8dfde1,5,20.256690713812276,0,Male,Yes,Yes,No,Two year,No,Mailed check,No,No,No
fa768716,62,94.64353533970107,1,Male,Yes,Yes,Fiber optic,One year,No,Electronic check,No,Yes,Yes
848661ee,0,19.857794810629024,0,Male,No,No,No,One year,No,Credit card (automatic),Yes,Yes,Yes
6f4bc41d,16,98.62713775615428,0,Male,No,No,Fiber optic,Month-to-month,Yes,Electronic check,No,No,No
0816a961,14,19.667461503004578,0,Female,No,No,No,One year,No,Bank transfer (automatic),No,Yes,No
ef4d1189,5,63.47104093035417,0,Female,No,No,Fiber optic,Month-to-month,Yes,Bank transfer (automatic),No,Yes,No
35dc8d2e,8,53.18521187224249,0,Male,No,Yes,DSL,Month-to-month,No,Electronic check,Yes,No,No
51c9bcf7,48,27.607227875261945,0,Female,Yes,Yes,DSL,Month-to-month,Yes,Credit card (automatic),No,No,No
09639111,63,93.84762595407803,0,Male,No,No,Fiber optic,One year,Yes,Bank transfer (automatic),No,No,No
f9cf81c8,25,64.32960769708413,0,Female,Yes,Yes,DSL,Month-to-month,Yes,Credit card (automatic),No,No,Yes
d1881765,52,105.86320168728307,1,Female,No,No,Fiber optic,One year,Yes,Electronic check,No,Yes,Yes
f6a9d1a0,33,68.76236966188942,0,Male,Yes,Yes,DSL,Month-to-month,No,Electronic check,No,Yes,Yes
4b8d6db6,16,109.24326989811149,0,Female,Yes,No,Fiber optic,One year,No,Mailed check,Yes,Yes,No
784d6bce,69,101.09484259833624,0,Female,Yes,No,Fiber optic,One year,Yes,Credit card (automatic),No,Yes,No
0becdf2a,2,67.16562764314118,0,Male,No,No,Fiber optic,Month-to-month,Yes,Electronic check,No,Yes,Yes
d4d6d928,0,42.53476802239043,0,Female,No,No,DSL,Month-to-month,No,Mailed check,No,Yes,No
773bafb9,5,80.30314214477536,0,Male,No,No,DSL,Month-to-month,Yes,Electronic check,No,No,Yes
bcc49379,32,54.654649288162325,0,Female,No,No,DSL,One year,No,Mailed check,No,Yes,No
